CREATE DATABASE IF NOT EXISTS customer;

USE customer;

CREATE TABLE `province` (
  `province_id` int NOT NULL AUTO_INCREMENT,
  `province_name` varchar(100) NOT NULL,
  PRIMARY KEY (`province_id`)
) ENGINE=InnoDB AUTO_INCREMENT=78 DEFAULT CHARSET=utf8 COLLATE=utf8_general_ci;
INSERT INTO `province`
(`province_id`,
`province_name`)
VALUES
(1,'Bangkok'),
(2,'Samut Prakan'),
(3,'Nonthaburi'),
(4,'Pathum Thani'),
(5,'Phra Nakhon Si Ayutthaya'),
(6,'Ang Thong'),
(7,'Loburi'),
(8,'Sing Buri'),
(9,'Chai Nat'),
(10,'Saraburi'),
(11,'Chon Buri'),
(12,'Rayong'),
(13,'Chanthaburi'),
(14,'Trat'),
(15,'Chachoengsao'),
(16,'Prachin Buri'),
(17,'Nakhon Nayok'),
(18,'Sa Kaeo'),
(19,'Nakhon Ratchasima'),
(20,'Buri Ram'),
(21,'Surin'),
(22,'Si Sa Ket'),
(23,'Ubon Ratchathani'),
(24,'Yasothon'),
(25,'Chaiyaphum'),
(26,'Amnat Charoen'),
(27,'Nong Bua Lam Phu'),
(28,'Khon Kaen'),
(29,'Udon Thani'),
(30,'Loei'),
(31,'Nong Khai'),
(32,'Maha Sarakham'),
(33,'Roi Et'),
(34,'Kalasin'),
(35,'Sakon Nakhon'),
(36,'Nakhon Phanom'),
(37,'Mukdahan'),
(38,'Chiang Mai'),
(39,'Lamphun'),
(40,'Lampang'),
(41,'Uttaradit'),
(42,'Phrae'),
(43,'Nan'),
(44,'Phayao'),
(45,'Chiang Rai'),
(46,'Mae Hong Son'),
(47,'Nakhon Sawan'),
(48,'Uthai Thani'),
(49,'Kamphaeng Phet'),
(50,'Tak'),
(51,'Sukhothai'),
(52,'Phitsanulok'),
(53,'Phichit'),
(54,'Phetchabun'),
(55,'Ratchaburi'),
(56,'Kanchanaburi'),
(57,'Suphan Buri'),
(58,'Nakhon Pathom'),
(59,'Samut Sakhon'),
(60,'Samut Songkhram'),
(61,'Phetchaburi'),
(62,'Prachuap Khiri Khan'),
(63,'Nakhon Si Thammarat'),
(64,'Krabi'),
(65,'Phangnga'),
(66,'Phuket'),
(67,'Surat Thani'),
(68,'Ranong'),
(69,'Chumphon'),
(70,'Songkhla'),
(71,'Satun'),
(72,'Trang'),
(73,'Phatthalung'),
(74,'Pattani'),
(75,'Yala'),
(76,'Narathiwat'),
(77,'buogkan');

CREATE TABLE `favorite` (
  `favorite_id` int NOT NULL AUTO_INCREMENT,
  `favorite_name` varchar(255) NOT NULL,
  PRIMARY KEY (`favorite_id`),
  UNIQUE KEY `favorite_id_UNIQUE` (`favorite_id`)
) ENGINE=InnoDB AUTO_INCREMENT=8 DEFAULT CHARSET=utf8mb4 COLLATE=utf8mb4_0900_ai_ci;

 INSERT INTO `favorite`
(`favorite_id`,
`favorite_name`)
VALUES
(1, "Tablet"),
 (2, "SmartPhone"),
 (3, "Car cam"),
 (4, "IpCam");

CREATE TABLE `customer` (
  `customer_id` int NOT NULL AUTO_INCREMENT,
  `customer_name` varchar(45) NOT NULL,
  `customer_favorite` int NOT NULL,
  `customer_province` int NOT NULL,
  `customer_age` int NOT NULL,
  PRIMARY KEY (`customer_id`),
  KEY `province_id_idx` (`customer_province`),
  KEY `fav_id_idx` (`customer_favorite`),
  CONSTRAINT `fav_id` FOREIGN KEY (`customer_favorite`) REFERENCES `favorite` (`favorite_id`),
  CONSTRAINT `province_id` FOREIGN KEY (`customer_province`) REFERENCES `province` (`province_id`)
) ENGINE=InnoDB AUTO_INCREMENT=2200 DEFAULT CHARSET=utf8mb4 COLLATE=utf8mb4_0900_ai_ci;
INSERT INTO `customer`
(`customer_id`,
`customer_name`,
`customer_favorite`,
`customer_province`,
`customer_age`)
VALUES
(1,'Past',2,3,42),
(2,'Future',3,39,16),
(3,'Dev',2,71,31),
(4,'Fly',3,28,78),
(5,'Flying',3,69,74),
(6,'Soar',1,12,4),
(7,'Soaring',2,54,14),
(8,'Power',2,40,93),
(9,'Falling',1,61,65),
(10,'Fall',1,51,69),
(11,'Jump',4,64,67),
(12,'Cliff',3,47,84),
(13,'Mountain',3,31,17),
(14,'Rend',2,6,33),
(15,'Red',2,72,7),
(16,'Blue',4,20,7),
(17,'Green',1,72,79),
(18,'Yellow',1,69,71),
(19,'Gold',1,67,95),
(20,'Demon',3,63,11),
(21,'Demonic11',4,68,41),
(22,'Panda',1,20,33),
(23,'Cat',2,9,1),
(24,'Kitty',4,19,1),
(25,'Kitten',1,76,12),
(26,'Zero',4,16,67),
(27,'Memory',3,36,14),
(28,'Trooper',2,20,89),
(29,'XX',3,65,81),
(30,'Bandit',1,38,28),
(31,'Fear',2,15,86),
(32,'Light',2,47,50),
(33,'Glow',2,38,100),
(34,'Tread',3,27,80),
(35,'Deep',2,21,3),
(36,'Deeper',2,39,16),
(37,'Deepest',1,24,13),
(38,'Mine',1,59,34),
(39,'Your',2,35,84),
(40,'Worst',2,8,8),
(41,'Enemy11',3,2,74),
(42,'Hostile',2,63,84),
(43,'Force',3,42,52),
(44,'Video',3,29,2),
(45,'Game',2,24,36),
(46,'Donkey',2,61,26),
(47,'Mule',3,61,52),
(48,'Colt',4,55,41),
(49,'Cult',2,41,32),
(50,'Cultist',2,39,87),
(51,'Magnum',1,2,34),
(52,'Gun',2,26,21),
(53,'Assault',1,48,92),
(54,'Recon',1,22,19),
(55,'Trap',4,55,23),
(56,'Trapper',2,10,69),
(57,'Redeem',1,13,4),
(58,'Code',1,18,49),
(59,'Script',1,1,53),
(60,'Writer',1,26,40),
(61,'Near',4,4,2),
(62,'Close',3,59,41),
(63,'Open',2,31,54),
(64,'Cube',1,76,62),
(65,'Circle',3,75,6),
(66,'Geo',3,10,88),
(67,'Genome',3,23,90),
(68,'Germ',2,61,13),
(69,'Spaz',2,54,25),
(70,'Shot',3,65,60),
(71,'Echo',4,59,59),
(72,'Beta',2,2,14),
(73,'Alpha',2,61,68),
(74,'Gamma',3,52,80),
(75,'Omega',1,8,75),
(76,'Seal',3,62,81),
(77,'Squid',4,41,98),
(78,'Money',3,69,35),
(79,'Cash',2,20,51),
(80,'Lord',1,40,97),
(81,'King',2,33,27),
(82,'Duke',1,26,28),
(83,'Rest',4,1,30),
(84,'Fire',4,52,17),
(85,'Flame',4,63,89),
(86,'Morrow',2,27,75),
(87,'Break',1,66,37),
(88,'Breaker',2,54,93),
(89,'Numb',3,38,69),
(90,'Ice',1,23,38),
(91,'Cold',2,19,60),
(92,'Rotten',3,20,62),
(93,'Sick',1,76,50),
(94,'Sickly',3,2,32),
(95,'Janitor',2,62,8),
(96,'Camel',2,32,46),
(97,'Rooster',1,37,8),
(98,'Sand',2,39,7),
(99,'Desert',2,34,84),
(100,'Dessert',2,28,41),
(101,'Hurdle',1,44,33),
(102,'Racer',3,65,97),
(103,'Eraser',3,13,93),
(104,'Erase',2,40,23),
(105,'Big',4,3,56),
(106,'Small',1,1,6),
(107,'Short',3,3,96),
(108,'Tall',1,16,56),
(109,'Sith',2,40,14),
(110,'Bounty',3,68,100),
(111,'Hunter',3,71,97),
(112,'Cracked',3,70,56),
(113,'Broken',2,56,48),
(114,'Sad',3,69,45),
(115,'Happy',3,54,61),
(116,'Joy',2,39,64),
(117,'Joyful',3,12,26),
(118,'Crimson',2,23,42),
(119,'Destiny',3,65,30),
(120,'Deceit',1,75,14),
(121,'Lies',2,57,56),
(122,'Lie',3,8,70),
(123,'Honest',1,25,14),
(124,'Destined',2,55,69),
(125,'Bloxxer',4,42,14),
(126,'Hawk',2,69,4),
(127,'Eagle',3,57,46),
(128,'Hawker',1,2,71),
(129,'Walker',1,70,63),
(130,'Zombie',3,2,42),
(131,'Sarge',1,20,40),
(132,'Capt',2,43,60),
(133,'Mittens',1,57,54),
(134,'World',1,35,14),
(135,'Global',1,23,45),
(136,'Kingdom',2,63,52),
(137,'Empire',2,2,94),
(138,'Light',3,30,61),
(139,'Dark',2,8,3),
(140,'Poison',4,12,86),
(141,'Venom',1,63,96),
(142,'Lovely',2,14,94),
(143,'Alpha',4,7,14),
(144,'Bravo',1,63,99),
(145,'Master',2,66,100),
(146,'Elite',2,55,75),
(147,'Stalker',3,26,14),
(148,'Overkill',3,61,7),
(149,'Rogue',3,20,96),
(150,'Vagabond',1,47,89),
(151,'Wanderer',3,60,27),
(152,'Nomad',2,47,1),
(153,'Samurai',1,25,53),
(154,'Ninja',2,1,55),
(155,'Knight',3,39,82),
(156,'Mage',1,60,65),
(157,'Wizard',3,1,63),
(158,'Druid',3,30,18),
(159,'Priest',1,62,35),
(160,'Warlock',2,35,10),
(161,'Shaman',3,5,35),
(162,'Paladin',3,10,9),
(163,'Witch',1,47,37),
(164,'Seer',3,22,53),
(165,'Oracle',3,11,2),
(166,'Sage',2,2,30),
(167,'Illusionist',3,61,60),
(168,'Illusion',1,21,43),
(169,'Illusionary',2,21,64),
(170,'Necromancer',2,34,37),
(171,'Conjurer',1,23,58),
(172,'Summoner',2,5,41),
(173,'Invoker',3,48,72),
(174,'Invoker',1,25,35),
(175,'Enchanter',2,36,1),
(176,'Enchantress',1,24,53),
(177,'Hex',3,18,41),
(178,'Hexer',2,35,99),
(179,'Warrior',2,15,57),
(180,'Fighter',2,56,24),
(181,'Berserker',2,18,75),
(182,'Barbarian',4,43,63),
(183,'Swordsman',3,28,52),
(184,'Slayer',2,26,94),
(185,'Beast',1,41,4),
(186,'Monster',1,22,5),
(187,'Creature',2,24,9),
(188,'Brute',3,48,19),
(189,'Fiend',2,27,37),
(190,'Ghoul',1,16,67),
(191,'Skeleton',3,41,45),
(192,'Phantom',4,39,40),
(193,'Wraith',3,62,98),
(194,'Specter',3,42,25),
(195,'Apparition',1,51,45),
(196,'Shade',3,40,69),
(197,'Shadow',2,60,52),
(198,'Horror',3,22,48),
(199,'Terror',1,20,23),
(200,'Nightmare',3,62,74),
(201,'Time',1,34,23),
(202,'Trooper Panda',4,23,46),
(203,'XX Zombie',3,17,87),
(204,'Bandit Captain',2,35,84),
(205,'Fear Mew',1,30,44),
(206,'Light Cracked',1,45,85),
(207,'Glow King',4,19,24),
(208,'Tread Eraser',3,5,88),
(209,'Deep Worst',3,71,90),
(210,'Deeper Code',4,70,6),
(211,'Deepest Cliff',3,39,2),
(212,'Mine Wrench',1,47,18),
(213,'Your Mine',1,42,41),
(214,'Worst Desert',1,36,16),
(215,'Enemy Magnum',3,44,5),
(216,'Hostile Legacy',1,63,100),
(217,'Force Hurdle',4,11,97),
(218,'Video Slice',1,39,9),
(219,'Game Wrench',3,35,33),
(220,'Donkey Power',4,59,5),
(221,'Mule Fear',2,64,59),
(222,'Colt Cliff',1,73,98),
(223,'Cult Cube',4,63,1),
(224,'Cultist Fall',2,42,36),
(225,'Magnum Two',3,17,62),
(226,'Gun Force',1,42,96),
(227,'Assault Racer',3,35,28),
(228,'Recon Bounty',3,54,46),
(229,'Trap Melt',3,33,89),
(230,'Trapper Sickly',3,21,38),
(231,'Redeem Soaring',3,32,92),
(232,'Code Close',2,62,29),
(233,'Script Theme',3,17,61),
(234,'Writer Lies',3,2,42),
(235,'Near Bounty',3,7,39),
(236,'Close Bloxxer',4,54,2),
(237,'Open Recon',4,64,36),
(238,'Cube Light',2,36,84),
(239,'Circle Shot',4,26,69),
(240,'Geo Panda',2,18,50),
(241,'Genome Vortex',1,65,84),
(242,'Germ Donkey',2,39,94),
(243,'Spaz Hostile',1,49,15),
(244,'Shot Mine',1,71,60),
(245,'Echo Near',4,28,18),
(246,'Beta Kid',4,29,70),
(247,'Alpha Walker',2,35,94),
(248,'Gamma King',4,25,88),
(249,'Omega Mountain',2,67,2),
(250,'Seal Sharp',1,56,54),
(251,'Squid Trapper',2,52,98),
(252,'Money Ready',4,33,39),
(253,'Cash Video',4,56,92),
(254,'Lord Smasher',2,8,64),
(255,'King Donkey',3,49,72),
(256,'Duke Death',2,35,60),
(257,'Rest Deeper',3,29,39),
(258,'Fire Big',4,4,82),
(259,'Flame Slash',3,49,57),
(260,'Morrow Flame',1,15,70),
(261,'Break Joy',4,45,99),
(262,'Breaker Uno',1,27,64),
(263,'Numb Dev',3,65,90),
(264,'Ice Sith',4,28,19),
(265,'Cold Rest',2,2,14),
(266,'Rotten Bubble',2,18,41),
(267,'Sick Code',2,40,72),
(268,'Sickly Camel',4,8,23),
(269,'Janitor Your',1,34,71),
(270,'Camel Chuckle',4,7,7),
(271,'Rooster Janitor',2,52,34),
(272,'Sand Dessert',4,56,77),
(273,'Desert Morrow',1,69,33),
(274,'Dessert Head',2,41,72),
(275,'Hurdle Code',2,66,27),
(276,'Racer Yellow',4,34,100),
(277,'Eraser Rotten',1,19,51),
(278,'Erase Near',4,69,28),
(279,'Big Green',2,25,69),
(280,'Small Fell',1,8,34),
(281,'Short Soar',3,5,3),
(282,'Tall Bloxxer',4,56,5),
(283,'Sith Joy',4,53,73),
(284,'Bounty Cat',3,26,24),
(285,'Hunter Kitten',4,10,77),
(286,'Cracked Destined',3,37,8),
(287,'Broken Ready',3,45,94),
(288,'Sad Bubble',1,15,73),
(289,'Happy Mew',3,47,62),
(290,'Joy Worst',3,21,53),
(291,'Joyful Time',2,7,99),
(292,'Crimson Deceit',4,40,87),
(293,'Destiny Two',3,9,81),
(294,'Deceit Eraser',4,40,80),
(295,'Lies Sandwich',2,72,6),
(296,'Lie Breaker',4,38,84),
(297,'Honest Destiny',2,13,50),
(298,'Destined Break',1,71,34),
(299,'Bloxxer Glow',2,70,86),
(300,'Hawk Fall',3,40,69),
(301,'Eagle Light',1,52,41),
(302,'Hawker Girl',4,22,22),
(303,'Walker Honest',1,5,24),
(304,'Zombie Fell',1,64,12),
(305,'Sarge Bubba',2,77,98),
(306,'Capt Camel',3,42,69),
(307,'Captain Magnum',2,72,4),
(308,'Punch Dev',2,69,4),
(309,'One Yellow',2,23,46),
(310,'Two Paradox',3,4,10),
(311,'Uno Assault',4,24,34),
(312,'Slice Cold',2,57,17),
(313,'Slash Elevator',3,51,21),
(314,'Melt Sharp',1,76,74),
(315,'Melted Spaz',2,1,75),
(316,'Melting Cold',1,66,63),
(317,'Fell Head',3,13,79),
(318,'Wolf Two',1,18,40),
(319,'Hound Gold',1,7,90),
(320,'Legacy Squid',2,36,90),
(321,'Sharp Cat',4,3,47),
(322,'Dead Future',4,3,13),
(323,'Mew Breaker',3,35,38),
(324,'Chuckle Power',2,23,12),
(325,'Bubba Breaker',2,16,71),
(326,'Bubble Soaring',2,60,81),
(327,'Sandwich Squid',1,15,96),
(328,'Smasher Gamma',3,77,21),
(329,'Extreme Chuckle',4,75,96),
(330,'Multi Wolf',1,35,37),
(331,'Universe Trapper',2,23,46),
(332,'Ultimate Elevator',3,14,32),
(333,'Death Trooper',2,21,81),
(334,'Ready Memory',4,13,71),
(335,'Monkey Morrow',2,53,85),
(336,'Elevator Hawk',2,38,23),
(337,'Wrench Dead',4,12,89),
(338,'Grease Bandit',1,45,28),
(339,'Head Geo',1,15,14),
(340,'Theme Janitor',2,38,95),
(341,'Grand Shot',2,59,42),
(342,'Cool Cultist',1,11,28),
(343,'Kid Melt',3,39,27),
(344,'Boy Cube',1,56,9),
(345,'Girl Cracked',1,60,72),
(346,'Vortex Red',2,8,73),
(347,'Paradox Zombie',1,6,18),
(348,'Time Hawk',3,32,76),
(349,'Past Germ',3,27,5),
(350,'Future Enemy',4,9,65),
(351,'Dev Sith',1,50,19),
(352,'Fly Hostile',2,13,30),
(353,'Flying Redeem',4,11,76),
(354,'Soar Enemy',1,53,98),
(355,'Soaring Numb',3,71,14),
(356,'Power Destiny',4,17,6),
(357,'Falling Gold',2,20,79),
(358,'Fall Numb',2,60,50),
(359,'Jump Cat',2,43,37),
(360,'Cliff Soar',1,69,47),
(361,'Mountain Lie',4,38,3),
(362,'Rend Red',4,29,38),
(363,'Red Deepest',4,72,55),
(364,'Blue King',3,34,84),
(365,'Green Bubble',2,29,21),
(366,'Yellow Green',2,61,39),
(367,'Gold Power',1,7,2),
(368,'Demon Death',3,44,20),
(369,'Demonic Ready',4,24,61),
(370,'Panda Sickly',2,38,27),
(371,'Cat Break',1,11,22),
(372,'Kitty Cracked',3,71,67),
(373,'Kitten Eagle',2,48,71),
(374,'Zero Sith',1,25,24),
(375,'Memory Flame',2,62,11),
(376,'Trooper Deepest',3,13,62),
(377,'XX Mine',1,30,89),
(378,'Bandit Gun',4,33,70),
(379,'Fear Writer',1,49,91),
(380,'Light Ultimate',2,4,11),
(381,'Glow Ice',3,5,18),
(382,'Tread Broken',2,18,75),
(383,'Deep Panda',4,29,10),
(384,'Deeper Camel',3,66,30),
(385,'Deepest Panda',1,52,87),
(386,'Mine Crimson',1,30,81),
(387,'Your Squid',2,43,61),
(388,'Worst Cracked',2,37,76),
(389,'Enemy Lord',3,30,22),
(390,'Hostile Trap',3,22,63),
(391,'Force Your',2,42,76),
(392,'Video Multi',2,4,12),
(393,'Game Writer',2,74,23),
(394,'Donkey Gold',1,23,97),
(395,'Mule XX',4,64,86),
(396,'Colt Video',1,15,2),
(397,'Cult Recon',3,32,27),
(398,'Cultist Fly',2,6,68),
(399,'Magnum Vortex',2,41,15),
(400,'Gun Vortex',4,73,48),
(401,'Assault Eagle',3,71,15),
(402,'Recon Girl',4,35,89),
(403,'Trap Dev',2,2,44),
(404,'Trapper Fear',3,24,57),
(405,'Redeem Ready',2,17,90),
(406,'Code Jump',2,34,38),
(407,'Script Dessert',3,61,38),
(408,'Writer Lies',2,8,18),
(409,'Near Paradox',4,62,5),
(410,'Close Seal',3,47,71),
(411,'Open Bloxxer',1,12,44),
(412,'Cube Death',4,60,12),
(413,'Circle Close',3,34,17),
(414,'Geo Joyful',2,26,52),
(415,'Genome Geo',2,22,18),
(416,'Germ Worst',4,57,6),
(417,'Spaz Lord',3,61,56),
(418,'Shot Morrow',1,38,78),
(419,'Echo Writer',2,27,91),
(420,'Beta Short',4,15,7),
(421,'Alpha Gold',1,3,67),
(422,'Gamma Green',3,72,9),
(423,'Omega Dev',1,26,1),
(424,'Seal Camel',2,26,89),
(425,'Squid Germ',1,73,33),
(426,'Money Trap',2,66,18),
(427,'Cash Kitty',3,46,57),
(428,'Lord Extreme',3,11,31),
(429,'King Smasher',1,77,38),
(430,'Duke Sick',2,34,84),
(431,'Rest Ice',3,63,37),
(432,'Fire Crimson',4,25,64),
(433,'Flame Bubble',3,68,100),
(434,'Morrow Yellow',2,18,16),
(435,'Break Sandwich',2,56,55),
(436,'Breaker Kitten',1,31,59),
(437,'Numb Desert',2,45,59),
(438,'Ice Theme',4,68,63),
(439,'Cold Mew',3,2,51),
(440,'Rotten Broken',1,72,58),
(441,'Sick Dev',3,53,10),
(442,'Sickly Two',1,56,96),
(443,'Janitor Legacy',4,5,27),
(444,'Camel Hawk',1,66,84),
(445,'Rooster Glow',4,61,8),
(446,'Sand Captain',3,36,45),
(447,'Desert Cultist',4,36,69),
(448,'Dessert Tall',4,41,81),
(449,'Hurdle Bloxxer',4,54,33),
(450,'Racer Cash',2,52,73),
(451,'Eraser Hunter',2,48,53),
(452,'Erase Close',1,36,83),
(453,'Big Capt',4,65,70),
(454,'Small Chuckle',2,7,86),
(455,'Short Zero',1,7,87),
(456,'Tall Money',1,65,40),
(457,'Sith Writer',2,15,72),
(458,'Bounty Gold',2,36,26),
(459,'Hunter Joyful',2,68,83),
(460,'Cracked Small',2,33,5),
(461,'Broken Ice',4,31,42),
(462,'Sad Future',2,53,85),
(463,'Happy Duke',2,25,12),
(464,'Joy Breaker',1,21,47),
(465,'Joyful Wrench',1,29,53),
(466,'Crimson Melt',1,16,4),
(467,'Destiny Wolf',2,23,100),
(468,'Deceit Head',1,56,8),
(469,'Lies Bloxxer',3,20,51),
(470,'Lie Recon',3,62,28),
(471,'Honest Kitten',4,44,91),
(472,'Destined Rend',3,70,83),
(473,'Bloxxer Cube',2,43,64),
(474,'Hawk Lies',2,25,83),
(475,'Eagle Cash',1,30,70),
(476,'Hawker Slice',2,47,87),
(477,'Walker Writer',3,17,84),
(478,'Zombie Bounty',4,33,68),
(479,'Sarge Lie',2,73,13),
(480,'Capt Mountain',2,10,54),
(481,'Captain Power',3,43,44),
(482,'Punch Colt',3,18,22),
(483,'One Flying',3,25,70),
(484,'Two Rest',2,68,9),
(485,'Uno Honest',3,76,41),
(486,'Slice King',4,18,94),
(487,'Slash Light',2,9,7),
(488,'Melt Destiny',1,46,86),
(489,'Melted Mine',1,17,9),
(490,'Melting Spaz',1,33,91),
(491,'Fell Spaz',3,68,47),
(492,'Wolf Deepest',1,68,46),
(493,'Hound Kitten',1,35,24),
(494,'Legacy Monkey',1,35,26),
(495,'Sharp Flying',4,69,15),
(496,'Dead Rest',1,34,55),
(497,'Mew Echo',2,50,99),
(498,'Chuckle Bubba',1,74,18),
(499,'Bubba Hound',3,11,1),
(500,'Bubble Near',2,50,28),
(501,'Sandwich Smasher',4,13,65),
(502,'Smasher Code',1,47,20),
(503,'Extreme Memory',3,18,67),
(504,'Multi Kitty',4,58,25),
(505,'Universe Bandit',3,34,87),
(506,'Ultimate Slash',3,12,47),
(507,'Death Break',2,11,13),
(508,'Ready Zero',1,51,12),
(509,'Monkey Deceit',2,71,66),
(510,'Elevator Capt',1,15,80),
(511,'Wrench Mine',2,3,78),
(512,'Grease Elevator',3,14,17),
(513,'Head Vortex',3,45,91),
(514,'Theme Tread',1,2,33),
(515,'Grand Paradox',2,71,53),
(516,'Cool Cube',2,49,55),
(517,'Kid Light',4,35,75),
(518,'Boy Alpha',2,19,51),
(519,'Girl Grease',1,40,100),
(520,'Vortex Enemy',2,35,22),
(521,'Paradox Small',3,51,30),
(522,'Time Extreme',4,40,82),
(523,'Past Fire',2,65,3),
(524,'Future Genome',4,40,19),
(525,'Dev XX',4,70,73),
(526,'Fly Eraser',3,13,8),
(527,'Flying Hostile',4,3,91),
(528,'Soar Time',4,77,17),
(529,'Soaring Wrench',2,61,100),
(530,'Power Punch',4,47,96),
(531,'Falling Duke',3,60,97),
(532,'Fall Ultimate',2,10,27),
(533,'Jump Girl',4,21,34),
(534,'Cliff Redeem',3,17,84),
(535,'Mountain Wolf',4,52,50),
(536,'Rend Crimson',1,72,52),
(537,'Red Cultist',2,70,74),
(538,'Blue Melt',1,76,81),
(539,'Green Hostile',2,2,79),
(540,'Yellow Seal',2,28,90),
(541,'Gold Dead',2,29,33),
(542,'Demon Video',2,10,71),
(543,'Demonic Cultist',4,62,76),
(544,'Panda Bounty',2,45,12),
(545,'Cat Vortex',1,75,38),
(546,'Kitty Captain',2,14,38),
(547,'Kitten Code',1,16,93),
(548,'Zero Deep',4,37,94),
(549,'Memory Writer',2,39,8),
(550,'Trooper Glow',3,15,93),
(551,'XX Cat',3,6,30),
(552,'Bandit Uno',3,63,89),
(553,'Fear Sick',1,45,91),
(554,'Light Break',2,18,52),
(555,'Glow Deep',1,62,90),
(556,'Tread Cultist',4,62,71),
(557,'Deep Omega',1,68,42),
(558,'Deeper Ice',3,11,10),
(559,'Deepest Memory',3,27,18),
(560,'Mine Walker',3,76,83),
(561,'Your Soar',2,49,75),
(562,'Worst Trooper',3,66,98),
(563,'Enemy Time',3,44,93),
(564,'Hostile Bounty',1,30,66),
(565,'Force Trapper',3,37,98),
(566,'Video Sarge',3,43,62),
(567,'Game Hawk',1,42,27),
(568,'Donkey Writer',1,65,37),
(569,'Mule Racer',3,61,80),
(570,'Colt Cold',4,77,43),
(571,'Cult Two',3,49,53),
(572,'Cultist Janitor',3,10,71),
(573,'Magnum Kitty',3,9,51),
(574,'Gun Extreme',3,17,14),
(575,'Assault Chuckle',1,39,99),
(576,'Recon Geo',2,52,62),
(577,'Trap Green',1,71,16),
(578,'Trapper Code',2,21,57),
(579,'Redeem Geo',4,38,63),
(580,'Code Gun',1,69,93),
(581,'Script Hawker',1,52,49),
(582,'Writer Bubble',4,45,52),
(583,'Near Break',1,13,61),
(584,'Close Breaker',4,30,22),
(585,'Open Cliff',3,41,79),
(586,'Cube Dead',4,45,10),
(587,'Circle Fly',3,10,43),
(588,'Geo Capt',4,32,17),
(589,'Genome Slice',4,38,51),
(590,'Germ Echo',4,17,74),
(591,'Spaz Green',4,14,99),
(592,'Shot Joy',4,59,3),
(593,'Echo Beta',2,29,6),
(594,'Beta Walker',2,19,47),
(595,'Alpha Flying',1,9,9),
(596,'Gamma Sandwich',1,34,85),
(597,'Omega Melting',2,17,87),
(598,'Seal Numb',3,13,42),
(599,'Squid Money',1,33,94),
(600,'Money Hawk',1,29,35),
(601,'Cash Recon',2,14,32),
(602,'Lord Hawk',1,54,6),
(603,'King Gold',4,49,78),
(604,'Duke King',3,28,70),
(605,'Rest Falling',2,28,34),
(606,'Fire Tread',4,55,100),
(607,'Flame Tall',2,35,94),
(608,'Morrow Small',2,6,25),
(609,'Break Soar',2,74,33),
(610,'Breaker One',3,60,13),
(611,'Numb Time',2,31,71),
(612,'Ice Bloxxer',4,68,49),
(613,'Cold Kid',2,35,69),
(614,'Rotten Future',2,35,5),
(615,'Sick Close',4,74,5),
(616,'Sickly Slice',2,72,18),
(617,'Janitor Zombie',1,55,35),
(618,'Camel Boy',4,13,20),
(619,'Rooster Blue',3,75,34),
(620,'Sand Money',2,42,67),
(621,'Desert Happy',4,53,95),
(622,'Dessert Hurdle',2,43,64),
(623,'Hurdle Janitor',4,64,51),
(624,'Racer Eraser',3,31,23),
(625,'Eraser Bloxxer',3,2,50),
(626,'Erase Deeper',3,56,27),
(627,'Big Crimson',1,38,78),
(628,'Small Kid',3,38,29),
(629,'Short Walker',3,64,41),
(630,'Tall Game',4,20,76),
(631,'Sith Monkey',4,6,29),
(632,'Bounty Dessert',3,2,68),
(633,'Hunter Hostile',4,70,41),
(634,'Cracked Seal',2,65,97),
(635,'Broken Echo',1,23,89),
(636,'Sad Monkey',2,7,56),
(637,'Happy Destined',1,36,64),
(638,'Joy Recon',1,42,50),
(639,'Joyful Rend',3,77,28),
(640,'Crimson Racer',2,12,58),
(641,'Destiny Tread',3,65,71),
(642,'Deceit Deepest',4,23,92),
(643,'Lies Vortex',2,10,34),
(644,'Lie Happy',2,7,77),
(645,'Honest Two',1,16,36),
(646,'Destined Duke',4,40,27),
(647,'Bloxxer Ice',3,58,20),
(648,'Hawk Slice',3,29,67),
(649,'Eagle Flame',1,19,37),
(650,'Hawker Worst',2,7,42),
(651,'Walker Monkey',3,45,26),
(652,'Zombie Fall',1,33,14),
(653,'Sarge Punch',4,49,47),
(654,'Capt Circle',1,72,36),
(655,'Captain Colt',2,18,81),
(656,'Punch Memory',3,12,91),
(657,'One One',1,19,96),
(658,'Two Theme',2,31,42),
(659,'Uno Erase',4,24,42),
(660,'Slice Writer',1,67,27),
(661,'Slash Red',2,38,22),
(662,'Melt Rooster',1,4,38),
(663,'Melted Cash',4,11,69),
(664,'Melting Janitor',4,28,95),
(665,'Fell Head',2,68,91),
(666,'Wolf Gold',2,47,83),
(667,'Hound Rooster',3,75,4),
(668,'Legacy Bounty',4,33,51),
(669,'Sharp Mine',1,36,74),
(670,'Dead Punch',2,23,51),
(671,'Mew Kitty',3,45,7),
(672,'Chuckle Donkey',2,25,91),
(673,'Bubba Game',3,67,49),
(674,'Bubble Crimson',4,10,55),
(675,'Sandwich Close',4,64,88),
(676,'Smasher Deepest',3,59,56),
(677,'Extreme Writer',4,69,71),
(678,'Multi Cool',1,25,14),
(679,'Universe Near',2,50,53),
(680,'Ultimate Ice',1,21,34),
(681,'Death Smasher',4,62,15),
(682,'Ready Video',1,77,5),
(683,'Monkey Cash',2,48,41),
(684,'Elevator Breaker',1,60,72),
(685,'Wrench Bloxxer',3,20,88),
(686,'Grease Cultist',4,53,85),
(687,'Head Death',3,46,82),
(688,'Theme Chuckle',3,42,67),
(689,'Grand Break',2,32,7),
(690,'Cool Lies',1,27,20),
(691,'Kid Wolf',2,56,72),
(692,'Boy Mew',4,25,27),
(693,'Girl Grease',2,73,99),
(694,'Vortex Erase',2,73,47),
(695,'Paradox Zombie',2,16,23),
(696,'Time Soaring',1,38,46),
(697,'Past Flying',4,60,30),
(698,'Future Cold',2,46,83),
(699,'Dev Future',2,19,19),
(700,'Fly Glow',4,25,91),
(701,'Flying Past',2,34,79),
(702,'Soar Rooster',2,4,34),
(703,'Soaring Ultimate',1,14,4),
(704,'Power Dead',1,51,61),
(705,'Falling Ultimate',4,76,86),
(706,'Fall Cliff',3,47,96),
(707,'Jump Demonic',2,21,49),
(708,'Cliff Blue',4,59,45),
(709,'Mountain Sick',4,18,94),
(710,'Rend Uno',4,14,23),
(711,'Red Uno',2,36,41),
(712,'Blue Rotten',3,33,42),
(713,'Green Cat',3,11,23),
(714,'Yellow Theme',1,50,78),
(715,'Gold Trooper',4,14,71),
(716,'Demon Two',2,69,12),
(717,'Demonic Ultimate',2,35,69),
(718,'Panda Melting',2,71,41),
(719,'Cat Break',2,52,61),
(720,'Kitty Melt',4,69,70),
(721,'Kitten Ready',3,21,67),
(722,'Zero Deeper',3,33,81),
(723,'Memory Beta',1,40,58),
(724,'Trooper Fire',3,74,99),
(725,'XX Open',3,10,53),
(726,'Bandit Yellow',3,31,6),
(727,'Fear Crimson',4,12,54),
(728,'Light Deeper',3,71,36),
(729,'Glow Theme',2,17,31),
(730,'Tread Panda',1,71,5),
(731,'Deep Smasher',1,23,4),
(732,'Deeper Melt',3,45,72),
(733,'Deepest Kitten',1,39,97),
(734,'Mine Tread',2,24,83),
(735,'Your Dessert',1,19,74),
(736,'Worst Tall',3,3,31),
(737,'Enemy Crimson',2,65,13),
(738,'Hostile Bounty',4,40,25),
(739,'Force Grease',1,67,18),
(740,'Video Cult',1,38,97),
(741,'Game Melted',2,28,63),
(742,'Donkey Flame',2,14,92),
(743,'Mule Camel',2,67,95),
(744,'Colt Kid',4,73,16),
(745,'Cult Melting',3,38,77),
(746,'Cultist Deeper',2,27,19),
(747,'Magnum Trap',4,18,31),
(748,'Gun Bubble',4,71,8),
(749,'Assault Fall',3,25,27),
(750,'Recon Ice',1,28,45),
(751,'Trap Boy',1,33,55),
(752,'Trapper Cube',3,50,65),
(753,'Redeem Hawker',4,43,6),
(754,'Code Breaker',1,38,35),
(755,'Script Lies',4,62,11),
(756,'Writer Cold',2,69,48),
(757,'Near Legacy',1,65,75),
(758,'Close Walker',2,43,22),
(759,'Open Light',4,47,75),
(760,'Cube Breaker',3,5,35),
(761,'Circle Wolf',1,43,90),
(762,'Geo Chuckle',3,12,80),
(763,'Genome Eagle',2,44,37),
(764,'Germ Assault',4,54,85),
(765,'Spaz Broken',2,76,65),
(766,'Shot Universe',3,26,79),
(767,'Echo Cool',4,20,45),
(768,'Beta Circle',1,67,2),
(769,'Alpha Girl',4,10,68),
(770,'Gamma King',1,59,29),
(771,'Omega Mountain',3,62,37),
(772,'Seal Past',1,12,96),
(773,'Squid Deepest',2,37,69),
(774,'Money Falling',1,73,35),
(775,'Cash Sad',3,14,15),
(776,'Lord Fall',2,21,2),
(777,'King Break',3,10,45),
(778,'Duke Tread',2,77,38),
(779,'Rest Trooper',4,71,39),
(780,'Fire Spaz',3,39,1),
(781,'Flame Melted',1,13,23),
(782,'Morrow Bandit',4,70,98),
(783,'Break Morrow',1,62,71),
(784,'Breaker Captain',3,64,87),
(785,'Numb Yellow',3,64,14),
(786,'Ice Fell',3,39,6),
(787,'Cold Falling',2,56,45),
(788,'Rotten Extreme',2,30,45),
(789,'Sick Cliff',1,22,53),
(790,'Sickly Walker',3,54,72),
(791,'Janitor Slice',4,62,43),
(792,'Camel Short',3,23,13),
(793,'Rooster Sharp',1,5,79),
(794,'Sand Power',3,59,73),
(795,'Desert Fall',4,55,15),
(796,'Dessert Magnum',4,26,46),
(797,'Hurdle Extreme',2,56,39),
(798,'Racer Echo',4,77,85),
(799,'Eraser Jump',2,71,44),
(800,'Erase Mine',4,28,77),
(801,'Big Eagle',1,77,84),
(802,'Small Video',4,50,28),
(803,'Short Recon',3,60,70),
(804,'Tall Deceit',3,27,25),
(805,'Sith Numb',3,18,65),
(806,'Bounty Camel',1,1,46),
(807,'Hunter Ultimate',2,31,14),
(808,'Cracked Two',2,42,43),
(809,'Broken Money',2,72,90),
(810,'Sad Soar',4,31,24),
(811,'Happy Glow',1,19,1),
(812,'Joy Wrench',3,32,61),
(813,'Joyful Slice',4,14,49),
(814,'Crimson Lie',3,73,86),
(815,'Destiny Yellow',1,49,8),
(816,'Deceit Mule',4,50,42),
(817,'Lies Sad',4,29,94),
(818,'Lie Break',2,11,74),
(819,'Honest Cash',1,48,27),
(820,'Destined Melting',4,32,92),
(821,'Bloxxer Near',1,65,21),
(822,'Hawk Slash',3,15,41),
(823,'Eagle Flying',3,7,41),
(824,'Hawker Enemy',4,39,18),
(825,'Walker Destiny',3,74,61),
(826,'Zombie Captain',4,72,11),
(827,'Sarge Trapper',2,67,42),
(828,'Capt Soar',4,17,34),
(829,'Captain Mountain',3,11,46),
(830,'Punch Ultimate',2,31,39),
(831,'One Future',1,36,70),
(832,'Two Short',2,8,9),
(833,'Uno Flame',2,21,9),
(834,'Slice Sand',4,69,14),
(835,'Slash Vortex',2,16,41),
(836,'Melt Death',3,36,23),
(837,'Melted Captain',4,13,88),
(838,'Melting Deeper',3,32,6),
(839,'Fell Demon',1,47,61),
(840,'Wolf Gamma',2,40,26),
(841,'Hound Flame',4,72,17),
(842,'Legacy Wolf',1,7,69),
(843,'Sharp Ice',4,73,46),
(844,'Dead Trooper',3,12,19),
(845,'Mew Cash',4,68,84),
(846,'Chuckle Kid',3,14,5),
(847,'Bubba Alpha',3,15,73),
(848,'Bubble Legacy',1,29,75),
(849,'Sandwich Shot',3,53,20),
(850,'Smasher Open',4,23,24),
(851,'Extreme Cube',2,38,83),
(852,'Multi Mine',4,11,23),
(853,'Universe Kitty',2,39,30),
(854,'Ultimate Glow',3,72,1),
(855,'Death Bubble',4,50,63),
(856,'Ready Jump',2,58,66),
(857,'Monkey Rend',4,65,19),
(858,'Elevator Deep',3,30,20),
(859,'Wrench Panda',1,31,70),
(860,'Grease Kid',4,33,22),
(861,'Head Joy',1,70,54),
(862,'Theme Lie',2,8,7),
(863,'Grand Green',4,4,85),
(864,'Cool Open',1,69,42),
(865,'Kid Money',3,4,70),
(866,'Boy Fire',2,3,42),
(867,'Girl Blue',2,50,71),
(868,'Vortex Game',4,68,34),
(869,'Paradox Worst',4,47,33),
(870,'Time Kid',4,49,80),
(871,'Past Your',3,33,39),
(872,'Future Cube',3,49,3),
(873,'Dev Bandit',3,19,47),
(874,'Fly Duke',3,42,6),
(875,'Flying Glow',1,39,24),
(876,'Soar Theme',4,69,30),
(877,'Soaring Demon',3,41,2),
(878,'Power Soar',4,33,3),
(879,'Falling Honest',3,71,57),
(880,'Fall Falling',4,58,89),
(881,'Jump Force',1,57,90),
(882,'Cliff Fire',3,77,43),
(883,'Mountain Light',2,16,39),
(884,'Rend Melting',4,6,96),
(885,'Red Universe',4,4,35),
(886,'Blue Big',3,44,74),
(887,'Green Bloxxer',2,67,49),
(888,'Yellow Code',1,46,7),
(889,'Gold Destined',2,37,69),
(890,'Demon Genome',2,56,98),
(891,'Demonic Head',3,26,44),
(892,'Panda Force',4,68,84),
(893,'Cat Trapper',2,74,89),
(894,'Kitty Soar',2,7,3),
(895,'Kitten Sickly',1,49,40),
(896,'Zero Crimson',4,28,11),
(897,'Memory Money',4,3,64),
(898,'Trooper Uno',4,17,90),
(899,'XX Joyful',4,5,63),
(900,'Bandit Fear',4,37,82),
(901,'Fear Yellow',3,51,38),
(902,'Light Ice',2,44,27),
(903,'Glow Cultist',4,5,90),
(904,'Tread Morrow',3,4,43),
(905,'Deep Sharp',3,42,96),
(906,'Deeper Panda',2,75,91),
(907,'Deepest Deceit',3,16,80),
(908,'Mine Lies',1,27,89),
(909,'Your Theme',2,13,25),
(910,'Worst Fall',2,19,48),
(911,'Enemy Mew',4,15,54),
(912,'Hostile Bloxxer',2,27,67),
(913,'Force Trapper',4,22,100),
(914,'Video Squid',4,70,79),
(915,'Game Gold',3,29,42),
(916,'Donkey Deep',4,15,72),
(917,'Mule Break',1,4,71),
(918,'Colt Crimson',4,51,48),
(919,'Cult Glow',4,73,48),
(920,'Cultist Janitor',3,6,15),
(921,'Magnum Rest',2,23,84),
(922,'Gun Soaring',4,29,15),
(923,'Assault Code',2,41,60),
(924,'Recon Magnum',2,31,5),
(925,'Trap Small',3,56,9),
(926,'Trapper Racer',4,69,76),
(927,'Redeem Zombie',1,77,91),
(928,'Code Flying',1,60,48),
(929,'Script Assault',3,67,45),
(930,'Writer Omega',4,47,13),
(931,'Near Break',4,50,76),
(932,'Close Eagle',1,22,71),
(933,'Open Numb',1,14,72),
(934,'Cube Blue',2,57,66),
(935,'Circle Game',2,28,4),
(936,'Geo Close',2,59,1),
(937,'Genome Sickly',1,8,59),
(938,'Germ Crimson',3,75,3),
(939,'Spaz Cold',2,31,55),
(940,'Shot Kid',1,59,20),
(941,'Echo Cliff',3,13,91),
(942,'Beta Lie',2,61,46),
(943,'Alpha Soaring',1,3,76),
(944,'Gamma Sickly',4,17,17),
(945,'Omega Short',4,16,44),
(946,'Seal Paradox',4,48,31),
(947,'Squid Destiny',4,68,59),
(948,'Money Past',4,9,63),
(949,'Cash Joy',1,63,100),
(950,'Lord Writer',4,11,13),
(951,'King Hawk',1,36,10),
(952,'Duke Hawker',1,56,27),
(953,'Rest Flame',2,47,96),
(954,'Fire Fell',1,58,55),
(955,'Flame Fear',1,74,80),
(956,'Morrow Mine',2,61,98),
(957,'Break Morrow',4,19,78),
(958,'Breaker Captain',1,15,48),
(959,'Numb Extreme',2,22,68),
(960,'Ice Video',3,68,52),
(961,'Cold Genome',2,53,2),
(962,'Rotten Spaz',4,76,8),
(963,'Sick Beta',2,47,48),
(964,'Sickly Rest',3,8,98),
(965,'Janitor Rooster',2,60,42),
(966,'Camel Trooper',4,59,73),
(967,'Rooster Worst',3,65,58),
(968,'Sand Fall',1,10,41),
(969,'Desert Flying',2,30,3),
(970,'Dessert Beta',3,6,24),
(971,'Hurdle Duke',4,38,59),
(972,'Racer Genome',4,61,41),
(973,'Eraser Big',1,47,47),
(974,'Erase Redeem',3,22,11),
(975,'Big Sad',2,44,54),
(976,'Small Close',3,29,9),
(977,'Short Rooster',1,75,65),
(978,'Tall Memory',2,55,18),
(979,'Sith Rooster',2,22,62),
(980,'Bounty Vortex',2,37,37),
(981,'Hunter Rotten',4,61,5),
(982,'Cracked Your',4,19,13),
(983,'Broken Morrow',1,47,40),
(984,'Sad Squid',1,17,86),
(985,'Happy Fly',2,45,10),
(986,'Joy Break',3,20,54),
(987,'Joyful Hurdle',3,45,7),
(988,'Crimson Hostile',4,33,4),
(989,'Destiny Fear',1,17,59),
(990,'Deceit Demon',1,55,21),
(991,'Lies Eraser',4,71,51),
(992,'Lie Kid',2,34,88),
(993,'Honest Zombie',1,67,34),
(994,'Destined Sarge',2,7,84),
(995,'Bloxxer Omega',2,41,26),
(996,'Hawk Punch',4,69,19),
(997,'Eagle Multi',2,34,89),
(998,'Hawker Assault',4,15,43),
(999,'Walker Janitor',1,1,2),
(1000,'Zombie Melt',1,73,16),
(1001,'Sarge Paradox',3,50,69),
(1002,'Capt Camel',2,69,35),
(1003,'Captain Melt',3,5,47),
(1004,'Punch Capt',3,61,77),
(1005,'One Short',1,2,15),
(1006,'Two Cat',2,46,58),
(1007,'Uno Rotten',3,50,83),
(1008,'Slice Numb',4,20,59),
(1009,'Slash Bubble',3,38,1),
(1010,'Melt Cult',3,58,16),
(1011,'Melted Flying',4,27,68),
(1012,'Melting Your',1,48,50),
(1013,'Fell Wolf',1,43,60),
(1014,'Wolf Captain',3,42,95),
(1015,'Hound Donkey',3,55,46),
(1016,'Legacy Enemy',3,15,86),
(1017,'Sharp Sandwich',1,58,24),
(1018,'Dead Sith',3,35,72),
(1019,'Mew Falling',3,19,24),
(1020,'Chuckle Echo',3,30,75),
(1021,'Bubba Worst',2,69,73),
(1022,'Bubble King',4,7,97),
(1023,'Sandwich Sad',1,67,88),
(1024,'Smasher Future',2,2,62),
(1025,'Extreme Desert',2,73,31),
(1026,'Multi Ready',4,30,90),
(1027,'Universe Your',2,18,84),
(1028,'Ultimate Lie',1,17,67),
(1029,'Death Paradox',4,31,57),
(1030,'Ready Light',2,26,29),
(1031,'Monkey Light',4,5,32),
(1032,'Elevator Slice',2,54,86),
(1033,'Wrench Slice',2,3,77),
(1034,'Grease Vortex',4,74,28),
(1035,'Head Soaring',2,52,10),
(1036,'Theme Your',2,34,84),
(1037,'Grand Fire',1,32,88),
(1038,'Cool Broken',2,64,62),
(1039,'Kid Sandwich',2,31,23),
(1040,'Boy Your',1,56,7),
(1041,'Girl Ice',3,72,51),
(1042,'Vortex Crimson',1,37,17),
(1043,'Paradox Trap',1,23,88),
(1044,'Time Worst',4,20,67),
(1045,'Past Bandit',1,52,94),
(1046,'Future Deep',4,26,37),
(1047,'Dev Mew',2,14,35),
(1048,'Fly Lord',2,42,71),
(1049,'Flying Chuckle',1,37,1),
(1050,'Soar Sand',3,71,85),
(1051,'Soaring Light',3,50,75),
(1052,'Power Head',4,36,86),
(1053,'Falling King',1,61,29),
(1054,'Fall Cult',3,38,44),
(1055,'Jump Recon',3,50,22),
(1056,'Cliff Soaring',1,51,39),
(1057,'Mountain Alpha',3,45,20),
(1058,'Rend Soaring',4,68,88),
(1059,'Red Slice',2,5,7),
(1060,'Blue Breaker',2,39,25),
(1061,'Green Slice',3,68,34),
(1062,'Yellow Genome',1,62,58),
(1063,'Gold Cool',2,69,20),
(1064,'Demon Hostile',2,8,43),
(1065,'Demonic Slice',2,49,90),
(1066,'Panda Mew',3,36,59),
(1067,'Cat Zombie',1,26,14),
(1068,'Kitty Near',4,55,60),
(1069,'Kitten Grand',1,54,79),
(1070,'Zero Kitty',3,44,43),
(1071,'Memory Ready',3,46,59),
(1072,'Trooper Ultimate',2,44,39),
(1073,'XX Squid',1,35,38),
(1074,'Bandit Assault',4,17,88),
(1075,'Fear Fear',2,70,39),
(1076,'Light Break',1,63,7),
(1077,'Glow Break',1,25,46),
(1078,'Tread Flying',1,51,4),
(1079,'Deep Two',1,63,35),
(1080,'Deeper Rend',1,46,43),
(1081,'Deepest Donkey',4,61,93),
(1082,'Mine Alpha',3,39,11),
(1083,'Your Past',2,65,27),
(1084,'Worst Cult',4,21,99),
(1085,'Enemy Hurdle',2,11,78),
(1086,'Hostile Zero',2,42,36),
(1087,'Force Punch',2,12,23),
(1088,'Video Fire',1,69,35),
(1089,'Game Genome',2,22,75),
(1090,'Donkey Smasher',2,2,72),
(1091,'Mule Melt',2,10,78),
(1092,'Colt Captain',2,4,88),
(1093,'Cult Deep',1,35,83),
(1094,'Cultist Walker',1,40,21),
(1095,'Magnum Rest',3,60,49),
(1096,'Gun Dev',2,21,80),
(1097,'Assault Ultimate',2,61,28),
(1098,'Recon Destined',4,69,10),
(1099,'Trap Elevator',4,28,95),
(1100,'Trapper Kid',1,54,42),
(1101,'Redeem Camel',4,32,44),
(1102,'Code Wrench',3,1,88),
(1103,'Script Deep',2,69,77),
(1104,'Writer Joy',3,52,89),
(1105,'Near Crimson',2,66,50),
(1106,'Close Cultist',4,62,49),
(1107,'Open Omega',2,49,12),
(1108,'Cube Time',4,4,24),
(1109,'Circle King',2,64,36),
(1110,'Geo Lie',3,9,42),
(1111,'Genome Geo',1,28,68),
(1112,'Germ Lies',2,77,81),
(1113,'Spaz Fell',4,77,87),
(1114,'Shot Wrench',2,22,80),
(1115,'Echo Universe',4,55,65),
(1116,'Beta Colt',1,11,82),
(1117,'Alpha Geo',1,7,39),
(1118,'Gamma Slice',1,37,5),
(1119,'Omega Beta',1,38,12),
(1120,'Seal Worst',3,52,49),
(1121,'Squid Deepest',2,62,43),
(1122,'Money Kid',3,23,24),
(1123,'Cash Slice',3,68,92),
(1124,'Lord Hurdle',3,21,80),
(1125,'King Racer',3,47,62),
(1126,'Duke Writer',1,63,4),
(1127,'Rest Lord',4,25,56),
(1128,'Fire Genome',1,12,36),
(1129,'Flame Crimson',4,27,81),
(1130,'Morrow Kid',2,47,10),
(1131,'Break Sharp',1,73,74),
(1132,'Breaker Erase',1,58,91),
(1133,'Numb Gun',2,61,22),
(1134,'Ice Rooster',1,19,25),
(1135,'Cold Kitten',1,31,74),
(1136,'Rotten Sarge',2,46,15),
(1137,'Sick Hostile',1,74,91),
(1138,'Sickly Morrow',1,65,69),
(1139,'Janitor Demonic',1,21,62),
(1140,'Camel Fear',3,8,43),
(1141,'Rooster Punch',2,23,25),
(1142,'Sand Short',3,61,94),
(1143,'Desert Enemy',2,44,30),
(1144,'Dessert Cat',3,50,13),
(1145,'Hurdle King',3,25,60),
(1146,'Racer Deepest',4,59,13),
(1147,'Eraser Girl',4,55,92),
(1148,'Erase Squid',4,25,2),
(1149,'Big Ultimate',4,40,20),
(1150,'Small Video',1,50,66),
(1151,'Short Dev',3,56,44),
(1152,'Tall Code',4,41,86),
(1153,'Sith Near',1,19,39),
(1154,'Bounty Force',4,66,11),
(1155,'Hunter Short',4,75,71),
(1156,'Cracked Soaring',1,54,79),
(1157,'Broken Fall',3,46,36),
(1158,'Sad Melt',1,73,57),
(1159,'Happy Light',2,69,68),
(1160,'Joy Money',1,64,88),
(1161,'Joyful Rend',2,4,12),
(1162,'Crimson Tread',4,58,2),
(1163,'Destiny Universe',3,70,55),
(1164,'Deceit Vortex',4,22,54),
(1165,'Lies Ice',2,7,89),
(1166,'Lie Soaring',2,25,43),
(1167,'Honest Ice',2,65,55),
(1168,'Destined Red',2,49,39),
(1169,'Bloxxer Boy',4,9,86),
(1170,'Hawk Melt',1,38,85),
(1171,'Eagle Glow',3,74,74),
(1172,'Hawker Melt',2,5,19),
(1173,'Walker Cat',1,27,48),
(1174,'Zombie Hawker',3,59,55),
(1175,'Sarge Bubba',1,14,51),
(1176,'Capt Fall',1,61,62),
(1177,'Captain Donkey',2,48,17),
(1178,'Punch Vortex',1,33,74),
(1179,'One Hawk',4,72,66),
(1180,'Two Vortex',3,6,40),
(1181,'Uno Future',2,27,29),
(1182,'Slice Cracked',3,71,95),
(1183,'Slash Deceit',1,32,48),
(1184,'Melt Ready',3,32,16),
(1185,'Melted Zero',2,77,52),
(1186,'Melting Panda',4,73,53),
(1187,'Fell Melt',2,12,8),
(1188,'Wolf Joyful',2,1,35),
(1189,'Hound Open',3,51,7),
(1190,'Legacy Sick',2,1,69),
(1191,'Sharp Cool',2,25,33),
(1192,'Dead XX',3,11,13),
(1193,'Mew Duke',2,54,33),
(1194,'Chuckle Spaz',1,17,100),
(1195,'Bubba Eraser',2,76,76),
(1196,'Bubble Cult',2,60,64),
(1197,'Sandwich Camel',4,35,70),
(1198,'Smasher Joyful',2,36,39),
(1199,'Extreme Code',3,26,12),
(1200,'Multi Deep',3,65,5),
(1201,'Trooper Broken',1,43,100),
(1202,'XX Fear',3,54,65),
(1203,'Bandit One',2,39,23),
(1204,'Fear Rotten',4,29,63),
(1205,'Light Circle',3,37,24),
(1206,'Glow Mountain',2,71,97),
(1207,'Tread Falling',2,45,67),
(1208,'Deep Big',4,13,91),
(1209,'Deeper Ice',3,38,88),
(1210,'Deepest Grand',3,36,55),
(1211,'Mine Bandit',3,67,94),
(1212,'Your Capt',3,40,22),
(1213,'Worst Demon',4,7,88),
(1214,'Enemy Red',3,9,4),
(1215,'Hostile Game',1,16,90),
(1216,'Force Destiny',3,48,24),
(1217,'Video Walker',3,46,39),
(1218,'Game Glow',2,29,1),
(1219,'Donkey Zombie',2,76,41),
(1220,'Mule Magnum',2,77,39),
(1221,'Colt Happy',3,44,15),
(1222,'Cult Deep',1,11,48),
(1223,'Cultist Break',3,27,31),
(1224,'Magnum Soar',2,19,63),
(1225,'Gun Lie',2,67,51),
(1226,'Assault Enemy',2,43,51),
(1227,'Recon Sick',4,34,41),
(1228,'Trap Rend',2,72,60),
(1229,'Trapper Fear',2,55,56),
(1230,'Redeem Ready',4,45,36),
(1231,'Code Head',4,45,73),
(1232,'Script Captain',3,48,54),
(1233,'Writer Rest',4,11,24),
(1234,'Near Uno',1,24,61),
(1235,'Close Duke',3,59,61),
(1236,'Open Video',3,19,31),
(1237,'Cube Melting',3,11,83),
(1238,'Circle Geo',2,7,5),
(1239,'Geo Echo',1,34,85),
(1240,'Genome Capt',4,30,13),
(1241,'Germ Deep',2,59,40),
(1242,'Spaz Elevator',2,28,10),
(1243,'Shot Punch',2,73,33),
(1244,'Echo Ultimate',3,59,43),
(1245,'Beta Chuckle',4,59,67),
(1246,'Alpha Falling',2,42,71),
(1247,'Gamma Zombie',4,30,3),
(1248,'Omega Beta',1,46,71),
(1249,'Seal Broken',2,36,78),
(1250,'Squid One',4,55,15),
(1251,'Money Soar',2,45,95),
(1252,'Cash Cliff',1,60,11),
(1253,'Lord Video',1,63,95),
(1254,'King Mountain',3,47,37),
(1255,'Duke Paradox',1,26,14),
(1256,'Rest Genome',2,54,46),
(1257,'Fire Fall',3,39,87),
(1258,'Flame Erase',1,21,27),
(1259,'Morrow Cultist',1,39,94),
(1260,'Break Bubble',1,36,29),
(1261,'Breaker Vortex',1,6,14),
(1262,'Numb Near',1,51,80),
(1263,'Ice Donkey',3,45,30),
(1264,'Cold Kitten',2,33,64),
(1265,'Rotten Cliff',2,26,4),
(1266,'Sick Dev',1,64,80),
(1267,'Sickly Alpha',4,76,9),
(1268,'Janitor Paradox',4,60,29),
(1269,'Camel King',4,35,100),
(1270,'Rooster Extreme',1,9,70),
(1271,'Sand Cliff',4,70,14),
(1272,'Desert Demonic',2,38,27),
(1273,'Dessert Numb',4,75,47),
(1274,'Hurdle Mountain',2,16,84),
(1275,'Racer Rest',3,50,84),
(1276,'Eraser Paradox',2,63,21),
(1277,'Erase Open',2,36,80),
(1278,'Big Destiny',3,75,97),
(1279,'Small Sick',1,55,39),
(1280,'Short Bloxxer',3,39,52),
(1281,'Tall Assault',1,2,42),
(1282,'Sith Trooper',1,69,24),
(1283,'Bounty Hostile',3,23,71),
(1284,'Hunter Echo',3,70,63),
(1285,'Cracked Sith',2,9,8),
(1286,'Broken Hawk',3,23,80),
(1287,'Sad Kitty',1,23,24),
(1288,'Happy Smasher',1,30,78),
(1289,'Joy Bubble',1,11,63),
(1290,'Joyful Morrow',1,20,10),
(1291,'Crimson Bloxxer',4,77,76),
(1292,'Destiny Time',2,8,82),
(1293,'Deceit Magnum',4,46,14),
(1294,'Lies Cat',4,77,97),
(1295,'Lie Break',3,6,41),
(1296,'Honest Game',3,53,54),
(1297,'Destined Glow',4,73,10),
(1298,'Bloxxer Alpha',4,1,84),
(1299,'Hawk Erase',1,48,12),
(1300,'Eagle Deepest',4,12,55),
(1301,'Hawker Red',2,53,30),
(1302,'Walker Sandwich',2,52,69),
(1303,'Zombie Small',3,37,63),
(1304,'Sarge Squid',3,9,78),
(1305,'Capt Capt',1,24,78),
(1306,'Captain Destined',2,61,64),
(1307,'Punch Fly',4,42,18),
(1308,'One Panda',3,72,2),
(1309,'Two Writer',2,75,97),
(1310,'Uno Fell',2,60,86),
(1311,'Slice Ultimate',2,18,46),
(1312,'Slash Spaz',3,60,99),
(1313,'Melt Crimson',4,76,19),
(1314,'Melted Game',3,13,68),
(1315,'Melting Elevator',1,46,53),
(1316,'Fell One',2,7,50),
(1317,'Wolf Head',2,61,18),
(1318,'Hound Cultist',1,39,51),
(1319,'Legacy Gamma',3,30,80),
(1320,'Sharp Rotten',1,17,45),
(1321,'Dead Cracked',1,23,16),
(1322,'Mew Cliff',3,29,31),
(1323,'Chuckle Past',2,1,4),
(1324,'Bubba Dead',2,25,50),
(1325,'Bubble Gold',1,9,17),
(1326,'Sandwich Kitten',1,6,60),
(1327,'Smasher Circle',2,67,42),
(1328,'Extreme Power',3,63,57),
(1329,'Multi Fear',4,53,28),
(1330,'Universe Close',1,1,86),
(1331,'Ultimate Rotten',3,23,54),
(1332,'Death Legacy',2,2,63),
(1333,'Ready Zombie',4,28,78),
(1334,'Monkey Happy',1,28,16),
(1335,'Elevator Sarge',1,71,78),
(1336,'Wrench Cult',3,23,87),
(1337,'Grease Time',2,60,24),
(1338,'Head Sick',2,11,94),
(1339,'Theme Hawk',3,40,1),
(1340,'Grand Game',3,53,33),
(1341,'Cool Fear',3,25,28),
(1342,'Kid Legacy',3,66,95),
(1343,'Boy Game',3,27,30),
(1344,'Girl Boy',3,60,16),
(1345,'Vortex Honest',2,21,69),
(1346,'Paradox Worst',2,50,38),
(1347,'Time Trap',2,23,24),
(1348,'Past Yellow',1,41,76),
(1349,'Future Alpha',2,4,7),
(1350,'Dev Monkey',1,41,34),
(1351,'Fly Kitten',2,37,44),
(1352,'Flying Monkey',4,46,29),
(1353,'Soar Short',3,4,69),
(1354,'Soaring Bandit',2,36,35),
(1355,'Power Tread',4,13,68),
(1356,'Falling Panda',4,73,22),
(1357,'Fall Demonic',4,38,62),
(1358,'Jump Mule',3,1,34),
(1359,'Cliff Panda',2,11,71),
(1360,'Mountain Shot',2,45,24),
(1361,'Rend Close',1,54,93),
(1362,'Red Red',2,30,100),
(1363,'Blue Writer',4,33,39),
(1364,'Green Melting',1,23,10),
(1365,'Yellow Hound',3,18,79),
(1366,'Gold Sarge',1,15,88),
(1367,'Demon Janitor',2,2,85),
(1368,'Demonic Sharp',3,55,96),
(1369,'Panda Melting',1,53,49),
(1370,'Cat Cash',1,7,12),
(1371,'Kitty Cult',2,61,5),
(1372,'Kitten Green',2,24,68),
(1373,'Zero Rooster',3,1,87),
(1374,'Memory Joyful',2,12,79),
(1375,'Trooper Zombie',3,20,41),
(1376,'XX Lord',2,38,82),
(1377,'Bandit Erase',2,66,88),
(1378,'Fear Grease',3,53,97),
(1379,'Light Multi',4,14,54),
(1380,'Glow Donkey',3,3,4),
(1381,'Tread Sickly',3,6,45),
(1382,'Deep Panda',2,40,14),
(1383,'Deeper Yellow',4,76,7),
(1384,'Deepest Joyful',2,14,36),
(1385,'Mine Sickly',1,36,46),
(1386,'Your Force',1,12,4),
(1387,'Worst Breaker',4,41,12),
(1388,'Enemy Dead',1,12,80),
(1389,'Hostile Melting',2,5,45),
(1390,'Force Deepest',2,76,86),
(1391,'Video Power',2,19,49),
(1392,'Game Deeper',3,10,93),
(1393,'Donkey Mountain',4,27,57),
(1394,'Mule Slice',1,13,12),
(1395,'Colt Bubble',1,5,19),
(1396,'Cult Boy',2,10,26),
(1397,'Cultist Morrow',1,15,68),
(1398,'Magnum Hawker',4,56,97),
(1399,'Gun Joy',2,71,28),
(1400,'Assault Demon',1,45,64),
(1401,'Recon Trap',2,7,51),
(1402,'Trap Sand',4,15,63),
(1403,'Trapper Lord',1,27,21),
(1404,'Redeem Eagle',2,72,85),
(1405,'Code Cool',3,60,40),
(1406,'Script Chuckle',4,16,9),
(1407,'Writer Alpha',4,68,49),
(1408,'Near Gamma',3,24,50),
(1409,'Close Money',4,27,81),
(1410,'Open Seal',4,24,70),
(1411,'Cube Light',2,15,28),
(1412,'Circle Sith',4,37,60),
(1413,'Geo Smasher',4,70,9),
(1414,'Genome Sick',2,12,59),
(1415,'Germ Demonic',4,5,82),
(1416,'Spaz Yellow',4,43,82),
(1417,'Shot Camel',4,51,65),
(1418,'Echo Memory',4,76,45),
(1419,'Beta Punch',1,30,31),
(1420,'Alpha Mew',2,36,44),
(1421,'Gamma Panda',4,25,43),
(1422,'Omega Sick',3,38,53),
(1423,'Seal Future',2,34,89),
(1424,'Squid King',1,73,31),
(1425,'Money Theme',4,65,76),
(1426,'Cash Honest',4,55,83),
(1427,'Lord Walker',2,46,88),
(1428,'King One',3,71,76),
(1429,'Duke Bubba',4,22,34),
(1430,'Rest Green',4,72,74),
(1431,'Fire Deceit',4,52,63),
(1432,'Flame Time',1,61,40),
(1433,'Morrow Grand',1,59,6),
(1434,'Break Panda',4,47,68),
(1435,'Breaker Melted',3,20,70),
(1436,'Numb Bloxxer',1,26,70),
(1437,'Ice Ice',2,62,10),
(1438,'Cold Omega',1,36,99),
(1439,'Rotten Monkey',1,71,5),
(1440,'Sick Near',2,76,72),
(1441,'Sickly Hound',1,56,76),
(1442,'Janitor Multi',2,69,10),
(1443,'Camel Writer',1,40,18),
(1444,'Rooster Kitty',2,62,64),
(1445,'Sand XX',3,43,7),
(1446,'Desert Hawker',1,50,100),
(1447,'Dessert Fall',3,45,77),
(1448,'Hurdle Punch',3,12,13),
(1449,'Racer Omega',4,67,59),
(1450,'Eraser Deep',1,30,30),
(1451,'Erase Ice',1,3,29),
(1452,'Big Capt',1,1,13),
(1453,'Small Hawk',1,54,67),
(1454,'Short Ready',1,44,25),
(1455,'Tall Soaring',2,7,76),
(1456,'Sith Enemy',3,19,48),
(1457,'Bounty Bubba',3,69,76),
(1458,'Hunter XX',4,28,1),
(1459,'Cracked Monkey',2,72,46),
(1460,'Broken Two',3,4,11),
(1461,'Sad Two',2,3,81),
(1462,'Happy Grand',2,4,81),
(1463,'Joy Janitor',2,45,77),
(1464,'Joyful Flying',3,68,57),
(1465,'Crimson Shot',4,47,46),
(1466,'Destiny Genome',1,61,66),
(1467,'Deceit Squid',3,76,3),
(1468,'Lies Enemy',1,67,49),
(1469,'Lie Flying',1,51,48),
(1470,'Honest Ready',1,47,52),
(1471,'Destined Mine',4,70,73),
(1472,'Bloxxer Open',3,61,6),
(1473,'Hawk Writer',3,14,27),
(1474,'Eagle Power',3,72,92),
(1475,'Hawker Paradox',1,42,71),
(1476,'Walker Dev',3,66,74),
(1477,'Zombie Gold',1,28,92),
(1478,'Sarge Slice',2,13,1),
(1479,'Capt Sand',1,26,93),
(1480,'Captain Grand',1,19,92),
(1481,'Punch Tall',1,75,60),
(1482,'One Monkey',3,64,22),
(1483,'Two Grease',4,7,23),
(1484,'Uno Slash',4,45,56),
(1485,'Slice Ultimate',1,75,92),
(1486,'Slash Power',3,36,82),
(1487,'Melt Broken',4,62,39),
(1488,'Melted Seal',1,42,87),
(1489,'Melting Sad',4,26,72),
(1490,'Fell Kid',2,3,34),
(1491,'Wolf Deep',2,60,23),
(1492,'Hound Bloxxer',1,76,17),
(1493,'Legacy Hostile',2,3,2),
(1494,'Sharp Force',4,7,77),
(1495,'Dead Gamma',4,63,11),
(1496,'Mew Sharp',2,5,49),
(1497,'Chuckle Joyful',1,76,95),
(1498,'Bubba Script',1,57,93),
(1499,'Bubble Trapper',3,6,57),
(1500,'Sandwich Soar',4,64,36),
(1501,'Smasher Redeem',2,43,26),
(1502,'Extreme Mine',3,76,27),
(1503,'Multi Death',2,70,89),
(1504,'Universe King',4,53,7),
(1505,'Ultimate Grand',2,11,79),
(1506,'Death Wolf',2,5,58),
(1507,'Ready Beta',4,14,39),
(1508,'Monkey Sarge',3,35,14),
(1509,'Elevator Omega',3,18,14),
(1510,'Wrench Writer',2,3,94),
(1511,'Grease Melt',3,24,57),
(1512,'Head Sickly',1,62,20),
(1513,'Theme Elevator',2,24,39),
(1514,'Grand Dead',3,76,95),
(1515,'Cool Flying',3,15,85),
(1516,'Kid Sick',4,36,99),
(1517,'Boy Omega',3,58,34),
(1518,'Girl Vortex',1,41,10),
(1519,'Vortex Sad',4,45,86),
(1520,'Paradox Rooster',4,3,57),
(1521,'Time Bounty',1,61,1),
(1522,'Past Sharp',2,18,99),
(1523,'Future Big',2,73,55),
(1524,'Dev Ready',2,4,10),
(1525,'Fly Soar',2,75,13),
(1526,'Flying Sickly',4,50,31),
(1527,'Soar Lie',1,24,62),
(1528,'Soaring Breaker',2,48,74),
(1529,'Power Assault',2,74,57),
(1530,'Falling Cultist',4,34,7),
(1531,'Fall Break',2,11,62),
(1532,'Jump Deceit',3,33,100),
(1533,'Cliff Dev',4,6,84),
(1534,'Mountain Fall',1,53,57),
(1535,'Rend King',2,26,47),
(1536,'Red Universe',1,75,35),
(1537,'Blue Kid',3,16,41),
(1538,'Green Smasher',1,28,40),
(1539,'Yellow Rotten',2,24,87),
(1540,'Gold Bandit',4,67,25),
(1541,'Demon Falling',2,20,78),
(1542,'Demonic Rotten',1,14,31),
(1543,'Panda Soaring',3,7,6),
(1544,'Cat Sith',2,64,50),
(1545,'Kitty Alpha',1,19,93),
(1546,'Kitten Joyful',2,75,83),
(1547,'Zero Open',4,61,30),
(1548,'Memory Colt',4,57,68),
(1549,'Trooper Close',1,17,75),
(1550,'XX Trap',3,10,11),
(1551,'Bandit Multi',3,65,27),
(1552,'Fear Destiny',2,6,45),
(1553,'Light Extreme',2,48,88),
(1554,'Glow Extreme',1,42,50),
(1555,'Tread Cracked',3,11,12),
(1556,'Deep Gamma',3,65,33),
(1557,'Deeper Recon',2,25,74),
(1558,'Deepest Camel',1,39,30),
(1559,'Mine One',2,57,25),
(1560,'Your King',1,47,48),
(1561,'Worst Trap',1,7,3),
(1562,'Enemy Elevator',1,26,59),
(1563,'Hostile Hurdle',1,4,46),
(1564,'Force Demonic',1,2,28),
(1565,'Video Broken',2,57,9),
(1566,'Game Destiny',4,33,5),
(1567,'Donkey Memory',4,75,31),
(1568,'Mule Cube',1,30,82),
(1569,'Colt Colt',1,47,1),
(1570,'Cult Slash',1,39,17),
(1571,'Cultist Breaker',2,25,8),
(1572,'Magnum Video',3,49,42),
(1573,'Gun Mine',3,63,93),
(1574,'Assault Smasher',4,61,51),
(1575,'Recon Open',1,53,50),
(1576,'Trap Crimson',3,39,36),
(1577,'Trapper Janitor',1,67,7),
(1578,'Redeem Sandwich',3,77,88),
(1579,'Code King',3,58,42),
(1580,'Script Sandwich',4,11,84),
(1581,'Writer Duke',3,56,69),
(1582,'Near Hunter',4,2,37),
(1583,'Close Money',3,16,52),
(1584,'Open Sick',2,4,29),
(1585,'Cube Lord',3,10,33),
(1586,'Circle Recon',1,77,61),
(1587,'Geo Alpha',4,2,49),
(1588,'Genome Multi',1,12,31),
(1589,'Germ Cult',4,54,99),
(1590,'Spaz Hawk',2,66,6),
(1591,'Shot Past',2,59,46),
(1592,'Echo Flame',4,21,5),
(1593,'Beta Multi',3,2,70),
(1594,'Alpha Rest',1,13,22),
(1595,'Gamma Elevator',3,38,8),
(1596,'Omega Time',1,46,5),
(1597,'Seal Wolf',3,72,21),
(1598,'Squid Uno',1,39,29),
(1599,'Money Sandwich',4,35,52),
(1600,'Cash Sharp',2,48,50),
(1601,'Lord Tall',3,34,85),
(1602,'King Kitten',4,41,10),
(1603,'Duke Deceit',2,32,37),
(1604,'Rest Glow',3,9,25),
(1605,'Fire Dead',4,63,25),
(1606,'Flame Grease',3,52,83),
(1607,'Morrow Cat',1,74,17),
(1608,'Break XX',3,26,66),
(1609,'Breaker Erase',4,25,16),
(1610,'Numb Melting',1,33,42),
(1611,'Ice Multi',3,10,37),
(1612,'Cold Legacy',3,52,52),
(1613,'Rotten Trap',4,2,12),
(1614,'Sick Wrench',3,51,62),
(1615,'Sickly Fire',4,29,8),
(1616,'Janitor Cold',3,69,61),
(1617,'Camel Light',3,26,21),
(1618,'Rooster Cold',1,1,51),
(1619,'Sand Shot',4,65,33),
(1620,'Desert Melt',2,8,24),
(1621,'Dessert Duke',4,1,46),
(1622,'Hurdle Punch',1,36,64),
(1623,'Racer Slice',3,66,19),
(1624,'Eraser Lie',1,19,65),
(1625,'Erase Honest',3,47,23),
(1626,'Big Rest',3,19,74),
(1627,'Small Flying',4,33,85),
(1628,'Short One',2,43,15),
(1629,'Tall Ultimate',4,55,87),
(1630,'Sith Slash',1,40,6),
(1631,'Bounty Close',3,44,21),
(1632,'Hunter Hurdle',1,8,63),
(1633,'Cracked Demon',4,20,94),
(1634,'Broken Slice',1,3,28),
(1635,'Sad Melt',2,7,42),
(1636,'Happy Zombie',4,61,25),
(1637,'Joy Cube',2,50,34),
(1638,'Joyful Kid',1,15,41),
(1639,'Crimson Kitten',4,12,97),
(1640,'Destiny Open',3,47,39),
(1641,'Deceit Small',3,43,37),
(1642,'Lies Ready',4,66,47),
(1643,'Lie Lie',4,30,15),
(1644,'Honest Bubba',4,43,39),
(1645,'Destined Gold',4,49,7),
(1646,'Bloxxer Bubble',1,76,21),
(1647,'Hawk Joy',3,4,99),
(1648,'Eagle Wrench',3,37,32),
(1649,'Hawker Gamma',4,73,81),
(1650,'Walker Donkey',2,19,59),
(1651,'Zombie Cube',1,1,35),
(1652,'Sarge Lies',4,2,12),
(1653,'Capt Lies',1,43,4),
(1654,'Captain Spaz',2,36,83),
(1655,'Punch Writer',4,27,98),
(1656,'One Mountain',2,1,33),
(1657,'Two Cool',3,64,29),
(1658,'Uno Shot',1,52,37),
(1659,'Slice Genome',1,13,99),
(1660,'Slash Numb',1,59,43),
(1661,'Melt Money',3,25,89),
(1662,'Melted Seal',2,7,93),
(1663,'Melting Genome',3,52,99),
(1664,'Fell Cat',1,34,59),
(1665,'Wolf Blue',1,63,41),
(1666,'Hound Cube',4,27,67),
(1667,'Legacy Bloxxer',4,20,13),
(1668,'Sharp Close',2,76,83),
(1669,'Dead Cult',4,46,40),
(1670,'Mew Fire',2,28,2),
(1671,'Chuckle Walker',1,3,23),
(1672,'Bubba Cool',3,34,32),
(1673,'Bubble Time',3,30,15),
(1674,'Sandwich Jump',2,50,36),
(1675,'Smasher Game',2,15,34),
(1676,'Extreme Soaring',1,73,55),
(1677,'Multi Sarge',1,16,65),
(1678,'Universe Mew',4,76,40),
(1679,'Ultimate Break',3,36,58),
(1680,'Death Cold',1,52,5),
(1681,'Ready Cool',1,51,49),
(1682,'Monkey Small',3,27,84),
(1683,'Elevator Past',4,57,20),
(1684,'Wrench Elevator',3,69,3),
(1685,'Grease Girl',3,26,14),
(1686,'Head Sharp',2,19,25),
(1687,'Theme Magnum',1,24,30),
(1688,'Grand Omega',2,29,37),
(1689,'Cool Girl',2,65,67),
(1690,'Kid Melt',4,42,9),
(1691,'Boy Sarge',3,75,22),
(1692,'Girl Girl',2,25,44),
(1693,'Vortex Light',3,62,73),
(1694,'Paradox Geo',2,17,41),
(1695,'Time Sith',4,18,34),
(1696,'Past Red',3,44,76),
(1697,'Future Tread',4,62,13),
(1698,'Dev Crimson',2,3,2),
(1699,'Fly Lord',3,19,32),
(1700,'Flying Trapper',1,55,70),
(1701,'Soar Hawker',2,30,20),
(1702,'Soaring Lie',2,40,88),
(1703,'Power Happy',1,35,31),
(1704,'Falling Mule',1,9,81),
(1705,'Fall Universe',4,58,59),
(1706,'Jump Writer',1,12,24),
(1707,'Cliff Broken',4,59,7),
(1708,'Mountain Small',4,27,52),
(1709,'Rend Bandit',4,39,60),
(1710,'Red Destiny',2,72,17),
(1711,'Blue Hound',3,51,71),
(1712,'Green Tread',1,51,99),
(1713,'Yellow Cliff',2,34,71),
(1714,'Gold Your',2,70,58),
(1715,'Demon Small',2,16,7),
(1716,'Demonic Punch',2,59,74),
(1717,'Panda Cat',3,62,47),
(1718,'Cat Deepest',1,32,16),
(1719,'Kitty Melted',1,36,73),
(1720,'Kitten Sandwich',4,17,15),
(1721,'Zero Broken',2,75,24),
(1722,'Memory Shot',1,6,73),
(1723,'Trooper Girl',3,9,57),
(1724,'XX Spaz',2,39,68),
(1725,'Bandit King',4,38,81),
(1726,'Fear Hostile',3,37,77),
(1727,'Light King',4,17,54),
(1728,'Glow Hurdle',1,18,92),
(1729,'Tread Hurdle',2,22,48),
(1730,'Deep Melting',4,37,35),
(1731,'Deeper Genome',1,37,100),
(1732,'Deepest Bandit',4,25,37),
(1733,'Mine Enemy',1,6,26),
(1734,'Your Enemy',2,65,69),
(1735,'Worst Time',3,50,42),
(1736,'Enemy Head',4,27,71),
(1737,'Hostile Tread',4,23,82),
(1738,'Force Honest',2,31,66),
(1739,'Video Destined',2,15,34),
(1740,'Game Money',3,6,63),
(1741,'Donkey Fall',4,19,2),
(1742,'Mule Sith',2,74,82),
(1743,'Colt Extreme',3,48,11),
(1744,'Cult Fell',2,27,90),
(1745,'Cultist Green',2,67,88),
(1746,'Magnum Near',2,43,52),
(1747,'Gun Walker',4,14,98),
(1748,'Assault Kitten',2,19,4),
(1749,'Recon Sick',3,46,53),
(1750,'Trap Chuckle',4,52,94),
(1751,'Trapper Cold',1,7,48),
(1752,'Redeem Happy',2,67,62),
(1753,'Code Gold',1,73,24),
(1754,'Script Wolf',4,66,94),
(1755,'Writer Big',3,44,38),
(1756,'Near Dessert',1,51,13),
(1757,'Close Sand',4,19,21),
(1758,'Open Time',1,34,66),
(1759,'Cube Destiny',4,66,54),
(1760,'Circle Beta',2,60,6),
(1761,'Geo Flame',2,55,43),
(1762,'Genome Bandit',1,15,96),
(1763,'Germ Ultimate',1,3,60),
(1764,'Spaz Geo',2,76,81),
(1765,'Shot Hostile',2,63,73),
(1766,'Echo Cold',4,6,83),
(1767,'Beta Omega',2,74,49),
(1768,'Alpha Writer',4,74,31),
(1769,'Gamma Fire',4,28,84),
(1770,'Omega Boy',3,38,81),
(1771,'Seal Vortex',2,53,65),
(1772,'Squid Kid',3,11,40),
(1773,'Money Broken',2,2,43),
(1774,'Cash Alpha',2,58,33),
(1775,'Lord Ice',3,48,22),
(1776,'King Rest',1,15,98),
(1777,'Duke Bandit',1,28,23),
(1778,'Rest Recon',3,34,7),
(1779,'Fire Near',1,5,8),
(1780,'Flame Flying',4,8,65),
(1781,'Morrow Captain',1,57,44),
(1782,'Break Video',4,12,100),
(1783,'Breaker Close',2,60,43),
(1784,'Numb Tread',2,30,9),
(1785,'Ice Sad',4,65,65),
(1786,'Cold Fell',4,58,90),
(1787,'Rotten Sith',2,3,59),
(1788,'Sick Rooster',2,14,98),
(1789,'Sickly Slice',4,70,67),
(1790,'Janitor Flying',2,38,56),
(1791,'Camel Wolf',1,41,79),
(1792,'Rooster Power',3,70,71),
(1793,'Sand Multi',2,44,83),
(1794,'Desert Bloxxer',1,64,82),
(1795,'Dessert Deceit',2,51,86),
(1796,'Hurdle Spaz',4,13,84),
(1797,'Racer Sharp',3,44,91),
(1798,'Eraser Death',4,58,89),
(1799,'Erase One',2,38,50),
(1800,'Big Kitten',4,77,22),
(1801,'Small Monkey',2,53,87),
(1802,'Short Cult',3,4,39),
(1803,'Tall Squid',2,8,35),
(1804,'Sith Numb',1,62,21),
(1805,'Bounty Enemy',4,42,68),
(1806,'Hunter Cultist',3,70,57),
(1807,'Cracked Kid',2,15,10),
(1808,'Broken Deceit',4,27,10),
(1809,'Sad Panda',3,1,23),
(1810,'Happy Joyful',2,66,1),
(1811,'Joy Germ',3,77,62),
(1812,'Joyful Trooper',3,62,67),
(1813,'Crimson Tread',1,13,45),
(1814,'Destiny Assault',4,55,88),
(1815,'Deceit Monkey',1,16,94),
(1816,'Lies Bloxxer',4,37,48),
(1817,'Lie Boy',2,64,2),
(1818,'Honest Fire',1,42,12),
(1819,'Destined Money',3,61,81),
(1820,'Bloxxer Code',1,5,56),
(1821,'Hawk Cult',2,40,86),
(1822,'Eagle Cash',3,10,12),
(1823,'Hawker Desert',4,62,85),
(1824,'Walker Kid',2,47,50),
(1825,'Zombie Broken',4,70,20),
(1826,'Sarge Fell',4,27,8),
(1827,'Capt Video',2,75,85),
(1828,'Captain Theme',1,74,34),
(1829,'Punch Shot',4,75,81),
(1830,'One Demon',1,48,58),
(1831,'Two Break',4,43,89),
(1832,'Uno Eagle',1,40,28),
(1833,'Slice Bubble',3,13,24),
(1834,'Slash Alpha',4,55,94),
(1835,'Melt Boy',2,21,33),
(1836,'Melted Joy',2,72,28),
(1837,'Melting Small',3,67,11),
(1838,'Fell Uno',2,73,6),
(1839,'Wolf Open',3,9,95),
(1840,'Hound Vortex',1,4,72),
(1841,'Legacy Eagle',2,16,44),
(1842,'Sharp Honest',4,31,62),
(1843,'Dead Grand',2,64,39),
(1844,'Mew Gamma',2,47,95),
(1845,'Chuckle Script',2,24,4),
(1846,'Bubba Melting',3,4,71),
(1847,'Bubble Colt',3,75,4),
(1848,'Sandwich Melt',2,74,15),
(1849,'Smasher Melt',2,11,89),
(1850,'Extreme Yellow',3,39,27),
(1851,'Multi Green',4,76,70),
(1852,'Universe Ice',1,41,81),
(1853,'Ultimate Mew',3,18,95),
(1854,'Death Capt',2,33,38),
(1855,'Ready Cube',4,24,22),
(1856,'Monkey Ultimate',4,3,59),
(1857,'Elevator Close',4,59,38),
(1858,'Wrench Your',4,55,87),
(1859,'Grease Bounty',1,62,17),
(1860,'Head Deeper',2,48,58),
(1861,'Theme Eraser',2,71,83),
(1862,'Grand Captain',1,68,75),
(1863,'Cool Fly',4,57,40),
(1864,'Kid Cool',1,15,94),
(1865,'Boy Deepest',4,28,100),
(1866,'Girl Head',2,53,96),
(1867,'Vortex Gun',2,29,90),
(1868,'Paradox Bubba',2,58,58),
(1869,'Time Worst',2,39,10),
(1870,'Past Racer',3,12,46),
(1871,'Future Dev',2,74,93),
(1872,'Dev Lies',2,40,76),
(1873,'Fly Demonic',2,64,26),
(1874,'Flying Vortex',4,62,6),
(1875,'Soar Joy',1,38,62),
(1876,'Soaring Bandit',2,3,83),
(1877,'Power Vortex',4,26,71),
(1878,'Falling Fire',1,25,64),
(1879,'Fall Sand',1,2,55),
(1880,'Jump Yellow',1,5,72),
(1881,'Cliff Deeper',3,76,1),
(1882,'Mountain Falling',1,21,55),
(1883,'Rend Numb',2,50,21),
(1884,'Red King',2,51,78),
(1885,'Blue Genome',4,27,87),
(1886,'Green King',2,16,73),
(1887,'Yellow Captain',2,71,17),
(1888,'Gold Melt',3,69,14),
(1889,'Demon Recon',2,41,79),
(1890,'Demonic Sandwich',4,22,31),
(1891,'Panda Sad',4,54,68),
(1892,'Cat Cube',2,74,95),
(1893,'Kitty Close',4,73,56),
(1894,'Kitten Colt',4,6,46),
(1895,'Zero Flying',2,50,77),
(1896,'Memory Smasher',3,47,3),
(1897,'Trooper Broken',4,54,89),
(1898,'XX Ready',1,40,23),
(1899,'Bandit One',1,52,94),
(1900,'Fear Future',4,57,35),
(1901,'Light Green',3,39,52),
(1902,'Glow Light',1,46,55),
(1903,'Tread Girl',2,57,94),
(1904,'Deep Rest',1,32,2),
(1905,'Deeper Jump',1,50,30),
(1906,'Deepest Redeem',3,26,78),
(1907,'Mine Small',4,53,16),
(1908,'Your Squid',4,65,2),
(1909,'Worst Numb',2,64,95),
(1910,'Enemy Honest',2,54,53),
(1911,'Hostile Janitor',1,52,1),
(1912,'Force Deepest',3,59,25),
(1913,'Video Melt',3,59,69),
(1914,'Game Head',2,18,67),
(1915,'Donkey Cliff',4,50,65),
(1916,'Mule Echo',4,65,6),
(1917,'Colt Red',2,66,58),
(1918,'Cult Boy',3,46,1),
(1919,'Cultist Your',4,64,22),
(1920,'Magnum Flying',4,65,98),
(1921,'Gun Deepest',1,30,49),
(1922,'Assault Lies',1,12,76),
(1923,'Recon Mountain',3,21,91),
(1924,'Trap Cultist',2,29,54),
(1925,'Trapper Power',1,14,90),
(1926,'Redeem Dev',2,62,90),
(1927,'Code Demon',2,75,93),
(1928,'Script Hawker',4,23,29),
(1929,'Writer Seal',1,35,69),
(1930,'Near Universe',1,9,5),
(1931,'Close Chuckle',4,69,69),
(1932,'Open Breaker',1,37,27),
(1933,'Cube Sharp',3,29,61),
(1934,'Circle Redeem',2,73,19),
(1935,'Geo Redeem',1,76,15),
(1936,'Genome Fire',4,18,76),
(1937,'Germ Germ',3,11,26),
(1938,'Spaz Mew',3,28,65),
(1939,'Shot Panda',4,42,56),
(1940,'Echo Rend',1,41,63),
(1941,'Beta Hostile',1,30,53),
(1942,'Alpha Trapper',1,32,10),
(1943,'Gamma Cash',3,68,24),
(1944,'Omega Trooper',1,57,65),
(1945,'Seal Head',2,1,90),
(1946,'Squid Head',4,28,52),
(1947,'Money Mountain',2,32,100),
(1948,'Cash Hurdle',4,68,20),
(1949,'Lord Bloxxer',1,66,79),
(1950,'King Force',4,62,46),
(1951,'Duke Girl',3,32,75),
(1952,'Rest Kitty',3,66,19),
(1953,'Fire Zombie',3,41,13),
(1954,'Flame Kid',1,33,100),
(1955,'Morrow Girl',2,61,77),
(1956,'Break Destined',3,61,57),
(1957,'Breaker Dead',3,12,1),
(1958,'Numb Camel',4,18,58),
(1959,'Ice Mule',3,10,85),
(1960,'Cold Sharp',1,39,11),
(1961,'Rotten Mule',1,25,42),
(1962,'Sick Fall',4,41,1),
(1963,'Sickly Elevator',4,39,65),
(1964,'Janitor Rooster',2,41,86),
(1965,'Camel Elevator',4,60,53),
(1966,'Rooster Trap',2,11,67),
(1967,'Sand Eagle',3,12,43),
(1968,'Desert Cult',2,4,38),
(1969,'Dessert Bandit',4,19,13),
(1970,'Hurdle Geo',4,53,89),
(1971,'Racer Demon',3,66,66),
(1972,'Eraser Dev',3,50,18),
(1973,'Erase Smasher',4,16,52),
(1974,'Big Big',3,14,93),
(1975,'Small Bloxxer',2,60,26),
(1976,'Short Smasher',1,8,71),
(1977,'Tall Joyful',2,36,66),
(1978,'Sith Bubble',4,54,1),
(1979,'Bounty Tread',3,24,100),
(1980,'Hunter Destiny',2,57,17),
(1981,'Cracked Cultist',3,69,20),
(1982,'Broken Cash',3,52,49),
(1983,'Sad Memory',2,41,17),
(1984,'Happy Sad',4,75,48),
(1985,'Joy Game',4,22,74),
(1986,'Joyful Joy',3,30,28),
(1987,'Crimson Desert',3,45,12),
(1988,'Destiny Deep',3,14,81),
(1989,'Deceit Panda',3,70,87),
(1990,'Lies Open',1,17,80),
(1991,'Lie Slash',1,53,27),
(1992,'Honest Tall',3,55,61),
(1993,'Destined Desert',3,31,78),
(1994,'Bloxxer Gold',1,8,67),
(1995,'Hawk Duke',1,45,3),
(1996,'Eagle Enemy',3,58,87),
(1997,'Hawker Captain',3,13,61),
(1998,'Walker Falling',4,16,78),
(1999,'Zombie Force',4,74,75),
(2000,'Sarge Slash',4,65,87),
(2001,'Capt Genome',4,12,63),
(2002,'Captain Money',3,21,24),
(2003,'Punch Circle',4,50,93),
(2004,'One Melting',4,56,75),
(2005,'Two Zero',1,47,79),
(2006,'Uno Money',1,8,18),
(2007,'Slice Punch',1,17,28),
(2008,'Slash Cube',2,76,21),
(2009,'Melt Camel',1,29,12),
(2010,'Melted Bounty',3,44,77),
(2011,'Melting Soaring',3,14,25),
(2012,'Fell Sad',1,54,46),
(2013,'Wolf Game',1,40,2),
(2014,'Hound Fire',1,3,93),
(2015,'Legacy Wrench',3,4,85),
(2016,'Sharp Rest',3,37,3),
(2017,'Dead Two',2,75,13),
(2018,'Mew Bandit',2,70,77),
(2019,'Chuckle Omega',2,17,52),
(2020,'Bubba Cold',4,19,86),
(2021,'Bubble Seal',3,41,94),
(2022,'Sandwich Big',3,4,47),
(2023,'Smasher Donkey',4,24,44),
(2024,'Extreme Blue',1,8,2),
(2025,'Multi Racer',3,33,60),
(2026,'Universe Rend',4,16,79),
(2027,'Ultimate Near',2,76,29),
(2028,'Death Glow',4,41,65),
(2029,'Ready Ready',4,46,71),
(2030,'Monkey Short',3,72,90),
(2031,'Elevator Crimson',4,56,22),
(2032,'Wrench Broken',4,7,37),
(2033,'Grease Lie',4,15,33),
(2034,'Head Game',3,65,80),
(2035,'Theme Demonic',2,8,63),
(2036,'Grand Lies',4,61,95),
(2037,'Cool Destiny',4,71,23),
(2038,'Kid Bubba',4,53,3),
(2039,'Boy Squid',2,4,61),
(2040,'Girl Paradox',1,18,74),
(2041,'Vortex Recon',1,2,15),
(2042,'Paradox Seal',2,35,88),
(2043,'Time Joyful',4,5,75),
(2044,'Past Kitten',1,18,17),
(2045,'Future Soaring',3,2,35),
(2046,'Dev Green',3,68,13),
(2047,'Fly Script',2,14,59),
(2048,'Flying Colt',3,10,78),
(2049,'Soar Dead',2,58,26),
(2050,'Soaring Ultimate',4,1,6),
(2051,'Power Mule',2,52,92),
(2052,'Falling Fly',3,37,41),
(2053,'Fall Destiny',4,35,57),
(2054,'Jump Janitor',1,69,59),
(2055,'Cliff Spaz',4,60,66),
(2056,'Mountain Cultist',1,7,55),
(2057,'Rend Sarge',3,62,96),
(2058,'Red Open',3,40,82),
(2059,'Blue Destiny',4,27,93),
(2060,'Green Worst',1,16,87),
(2061,'Yellow Grand',2,57,46),
(2062,'Gold Morrow',2,24,57),
(2063,'Demon Grand',3,20,82),
(2064,'Demonic Assault',4,56,3),
(2065,'Panda Cat',1,14,100),
(2066,'Cat Flying',4,16,25),
(2067,'Kitty Bloxxer',3,28,55),
(2068,'Kitten Camel',3,67,29),
(2069,'Zero Joy',1,35,36),
(2070,'Memory Deepest',1,71,40),
(2071,'Trooper Eraser',4,25,9),
(2072,'XX Grand',4,24,21),
(2073,'Bandit Erase',3,49,45),
(2074,'Fear Cube',1,22,42),
(2075,'Light Two',4,30,62),
(2076,'Glow Your',3,72,43),
(2077,'Tread Slash',1,42,82),
(2078,'Deep Future',4,17,64),
(2079,'Deeper Memory',3,47,71),
(2080,'Deepest Tall',1,54,71),
(2081,'Mine Rend',4,24,40),
(2082,'Your Deepest',2,25,51),
(2083,'Worst Fell',2,67,43),
(2084,'Enemy Circle',4,76,53),
(2085,'Hostile Racer',1,19,62),
(2086,'Force Cash',1,5,37),
(2087,'Video Wolf',1,60,70),
(2088,'Game Shot',3,18,57),
(2089,'Donkey Theme',2,75,1),
(2090,'Mule Erase',4,16,34),
(2091,'Colt Dead',2,1,60),
(2092,'Cult Rotten',3,77,55),
(2093,'Cultist Light',2,61,23),
(2094,'Magnum Deceit',4,53,12),
(2095,'Gun Paradox',4,30,80),
(2096,'Assault Hunter',1,2,99),
(2097,'Recon Writer',1,16,77),
(2098,'Trap Magnum',2,12,23),
(2099,'Trapper Deepest',1,47,72),
(2100,'Redeem Open',1,50,96),
(2101,'Code Head',2,52,26),
(2102,'Script Elevator',2,60,6),
(2103,'Writer Cracked',1,2,17),
(2104,'Near Small',1,7,22),
(2105,'Close Cultist',1,33,78),
(2106,'Open Fly',4,30,47),
(2107,'Cube Broken',1,45,62),
(2108,'Circle Sharp',2,24,54),
(2109,'Geo Assault',2,20,9),
(2110,'Genome Trooper',3,70,87),
(2111,'Germ Germ',3,59,42),
(2112,'Spaz Girl',4,69,2),
(2113,'Shot Bubble',3,38,82),
(2114,'Echo Gamma',4,65,62),
(2115,'Beta Gamma',3,6,47),
(2116,'Alpha Eagle',4,4,76),
(2117,'Gamma Lie',1,7,81),
(2118,'Omega Gun',1,17,14),
(2119,'Seal Sickly',3,8,50),
(2120,'Squid Glow',2,38,89),
(2121,'Money Writer',2,34,91),
(2122,'Cash Rend',2,70,68),
(2123,'Lord Boy',4,3,15),
(2124,'King Happy',1,41,39),
(2125,'Duke Redeem',4,12,53),
(2126,'Rest Melted',1,35,34),
(2127,'Fire Racer',4,6,31),
(2128,'Flame Geo',2,36,25),
(2129,'Morrow Seal',1,46,88),
(2130,'Break Open',1,9,1),
(2131,'Breaker Redeem',3,48,35),
(2132,'Numb Redeem',1,18,39),
(2133,'Ice Spaz',3,46,84),
(2134,'Cold Script',4,3,77),
(2135,'Rotten Power',1,22,49),
(2136,'Sick Duke',1,4,41),
(2137,'Sickly Cube',1,43,82),
(2138,'Janitor Sarge',2,43,90),
(2139,'Camel Captain',1,7,94),
(2140,'Rooster Hawk',4,62,24),
(2141,'Sand Bubba',3,50,87),
(2142,'Desert Mew',3,9,31),
(2143,'Dessert Writer',3,13,41),
(2144,'Hurdle Gun',2,18,35),
(2145,'Racer Numb',4,44,31),
(2146,'Eraser Alpha',4,7,28),
(2147,'Erase Gun',2,42,55),
(2148,'Big Girl',1,26,12),
(2149,'Small Recon',3,56,92),
(2150,'Short Germ',1,29,100),
(2151,'Tall Your',4,14,60),
(2152,'Sith Sith',3,3,67),
(2153,'Bounty Fall',4,40,95),
(2154,'Hunter Your',2,34,21),
(2155,'Cracked Yellow',4,28,90),
(2156,'Broken Power',3,41,21),
(2157,'Sad Genome',2,61,72),
(2158,'Happy Open',3,19,84),
(2159,'Joy Trap',2,49,34),
(2160,'Joyful Video',4,45,29),
(2161,'Crimson Mine',4,20,45),
(2162,'Destiny Wrench',2,14,55),
(2163,'Deceit Worst',4,15,33),
(2164,'Lies Melting',2,58,18),
(2165,'Lie Magnum',3,35,3),
(2166,'Honest Omega',3,8,43),
(2167,'Destined Glow',2,26,80),
(2168,'Bloxxer Mountain',4,45,99),
(2169,'Hawk Hound',3,36,78),
(2170,'Eagle Red',2,31,4),
(2171,'Hawker Game',3,39,88),
(2172,'Walker Ultimate',1,5,36),
(2173,'Zombie Ice',4,21,69),
(2174,'Sarge Script',4,52,8),
(2175,'Capt Recon',2,46,9),
(2176,'Captain Slash',4,74,98),
(2177,'Punch Eraser',3,9,26),
(2178,'One Slice',2,64,68),
(2179,'Two Mew',4,34,4),
(2180,'Uno Hurdle',1,70,43),
(2181,'Slice Happy',4,30,99),
(2182,'Slash Tall',2,46,35),
(2183,'Melt Ultimate',2,36,96),
(2184,'Melted Grease',4,14,84),
(2185,'Melting Wrench',2,12,61),
(2186,'Fell Cracked',2,57,5),
(2187,'Wolf Soar',1,66,36),
(2188,'Hound Joyful',4,9,83),
(2189,'Legacy Time',2,73,43),
(2190,'Sharp Sith',4,63,16),
(2191,'Dead Germ',3,76,21),
(2192,'Mew Elevator',2,25,61),
(2193,'Chuckle Bubble',2,42,55),
(2194,'Bubba Spaz',2,16,65),
(2195,'Bubble Deep',3,47,80),
(2196,'Sandwich Video',4,60,1),
(2197,'Smasher Wrench',3,32,29),
(2198,'Extreme Close',1,23,78),
(2199,'Multi Trap',3,4,68);
